Full Name,DOB,Email,Age,Education Level,Gender,Current City,Polling Station,Current Position of the Job,Name of the Institute,Experience,Current Salary,Position Type,Predicted Position
Michael Nguyen,1955-10-11,michael.nguyen@example.com,61,2,2,Galle,44,2,University of Peradeniya,20.0,115428.2,Senior Polling Officer,Senior
Madison Robinson,1959-01-11,madison.robinson@outlook.com,48,0,1,Trincomalee,24,0,University of Jaffna,0.0,60239.8,Clerk,Clerk
Madison Young,1971-10-24,madison.young@example.com,39,0,0,Jaffna,2,1,University of Colombo,8.0,87888.19,Junior Polling Officer,Junior
Noah Young,1977-04-04,noah.young@outlook.com,29,1,0,Kandy,43,4,University of Jaffna,12.0,40588.95,Clerk,Clerk
Oliver Scott,1993-08-27,oliver.scott@example.com,56,0,2,Negombo,25,1,University of Peradeniya,4.0,40908.92,Junior Polling Officer,Junior
Zoe Ramirez,1990-09-18,zoe.ramirez@gmail.com,51,0,1,Anuradhapura,32,3,University of Moratuwa,12.0,71526.72,Junior Polling Officer,Junior
Emma Young,1982-10-15,emma.young@gmail.com,31,0,1,Jaffna,9,0,University of Colombo,3.0,44061.08,Junior Polling Officer,Junior
Madison Bell,1991-06-11,madison.bell@outlook.com,65,2,1,Colombo,45,1,University of Jaffna,16.0,64874.72,Senior Polling Officer,Senior
Olivia Hill,2002-06-16,olivia.hill@yahoo.com,57,2,0,Trincomalee,23,3,University of Jaffna,9.0,102944.0,Senior Polling Officer,Senior
Noah Green,1985-09-21,noah.green@yahoo.com,39,0,1,Anuradhapura,45,3,University of Colombo,16.0,64257.56,Junior Polling Officer,Junior
Henry Hill,1972-12-08,henry.hill@outlook.com,34,0,2,Galle,47,3,University of Moratuwa,5.0,100588.67,Junior Polling Officer,Junior
Benjamin Rivera,1954-06-15,benjamin.rivera@outlook.com,35,1,0,Anuradhapura,34,1,University of Moratuwa,1.0,91163.63,Clerk,Clerk
Grace Martin,1989-01-12,grace.martin@gmail.com,31,2,2,Negombo,19,1,University of Moratuwa,14.0,30959.34,Senior Polling Officer,Senior
Harper Bell,1952-10-21,harper.bell@yahoo.com,33,0,2,Colombo,5,4,University of Moratuwa,3.0,41665.11,Junior Polling Officer,Junior
William Hall,1972-08-11,william.hall@example.com,42,1,1,Trincomalee,27,0,University of Colombo,0.0,37179.97,Clerk,Clerk
Lily Ramirez,1968-02-17,lily.ramirez@gmail.com,60,0,1,Colombo,19,2,University of Moratuwa,7.0,89395.33,Junior Polling Officer,Junior
Henry Hill,1954-05-22,henry.hill@outlook.com,52,0,2,Trincomalee,36,2,University of Peradeniya,12.0,55975.72,Junior Polling Officer,Junior
Henry Wright,1965-09-15,henry.wright@gmail.com,31,3,1,Anuradhapura,48,1,University of Moratuwa,1.0,104022.59,Clerk,Clerk
Charlotte Rodriguez,1952-12-08,charlotte.rodriguez@gmail.com,48,2,0,Trincomalee,7,2,University of Jaffna,9.0,47867.88,Senior Polling Officer,Senior
Emily Hernandez,1974-04-07,emily.hernandez@outlook.com,61,0,0,Negombo,25,3,University of Colombo,6.0,41431.86,Junior Polling Officer,Junior
Lily Martinez,1979-10-07,lily.martinez@outlook.com,42,2,1,Colombo,49,1,University of Peradeniya,4.0,72538.69,Senior Polling Officer,Senior
Henry Garcia,1955-07-23,henry.garcia@outlook.com,22,0,0,Trincomalee,32,4,University of Colombo,10.0,32813.04,Junior Polling Officer,Junior
Aiden Young,1973-02-27,aiden.young@yahoo.com,60,0,1,Anuradhapura,21,1,University of Peradeniya,0.0,72846.83,Clerk,Clerk
Oliver Lopez,1961-04-06,oliver.lopez@example.com,32,0,0,Negombo,15,4,University of Jaffna,6.0,92278.72,Junior Polling Officer,Junior
Mason Jackson,1959-03-23,mason.jackson@example.com,36,3,1,Jaffna,19,2,University of Jaffna,18.0,113121.9,Senior Polling Officer,Senior
Emma Lopez,1991-12-14,emma.lopez@example.com,34,2,2,Anuradhapura,5,4,University of Colombo,13.0,55026.36,Senior Polling Officer,Senior
Sofia King,1994-10-16,sofia.king@example.com,33,2,1,Jaffna,1,2,University of Peradeniya,4.0,110475.54,Senior Polling Officer,Senior
Mason Hill,1988-02-01,mason.hill@outlook.com,21,2,2,Galle,48,3,University of Colombo,3.0,26678.48,Senior Polling Officer,Senior
James Gonzalez,1995-06-28,james.gonzalez@example.com,51,0,0,Colombo,3,2,University of Jaffna,18.0,55857.12,Junior Polling Officer,Junior
Liam Anderson,2000-08-26,liam.anderson@yahoo.com,42,0,2,Colombo,16,0,University of Colombo,0.0,91762.28,Clerk,Clerk
Jackson Thomas,1958-11-13,jackson.thomas@example.com,60,3,2,Jaffna,7,2,University of Colombo,9.0,51281.71,Senior Polling Officer,Senior
Victoria King,1975-09-01,victoria.king@yahoo.com,63,3,2,Anuradhapura,22,2,University of Moratuwa,7.0,83593.86,Senior Polling Officer,Senior
Nathan Lewis,1961-12-13,nathan.lewis@example.com,65,0,1,Jaffna,9,3,University of Jaffna,16.0,111012.57,Junior Polling Officer,Junior
Elijah Miller,1988-01-13,elijah.miller@gmail.com,36,1,2,Kandy,32,3,University of Jaffna,6.0,69096.89,Clerk,Clerk
Aria Davis,1986-04-11,aria.davis@outlook.com,39,1,2,Galle,9,0,University of Peradeniya,0.0,30007.26,Clerk,Clerk
William Bell,1992-02-18,william.bell@yahoo.com,34,1,2,Kandy,23,1,University of Moratuwa,14.0,48942.79,Clerk,Clerk
Scarlett Perez,2001-08-18,scarlett.perez@outlook.com,31,1,2,Negombo,3,3,University of Jaffna,9.0,31647.31,Clerk,Clerk
Grace Adams,1959-11-24,grace.adams@outlook.com,26,3,1,Kandy,37,1,University of Moratuwa,13.0,99962.48,Senior Polling Officer,Senior
James Nelson,1991-05-08,james.nelson@gmail.com,62,3,0,Negombo,22,4,University of Jaffna,15.0,53097.6,Senior Polling Officer,Senior
Liam Moore,1967-01-14,liam.moore@outlook.com,42,3,0,Galle,43,3,University of Jaffna,7.0,27919.48,Senior Polling Officer,Senior
Isabella Johnson,1988-05-24,isabella.johnson@outlook.com,44,3,0,Jaffna,27,0,University of Jaffna,1.0,77703.41,Clerk,Clerk
Olivia Jackson,1952-05-26,olivia.jackson@yahoo.com,34,2,2,Anuradhapura,38,0,University of Peradeniya,13.0,58287.14,Senior Polling Officer,Senior
John Wright,2002-12-19,john.wright@outlook.com,28,1,2,Kandy,25,4,University of Peradeniya,10.0,86855.88,Clerk,Clerk
Lily Brown,1972-04-21,lily.brown@example.com,54,1,2,Kandy,27,4,University of Colombo,15.0,71542.37,Clerk,Clerk
Grace Brown,1952-04-07,grace.brown@gmail.com,51,1,0,Trincomalee,26,4,University of Moratuwa,0.0,93089.86,Clerk,Clerk
Abigail Lopez,1951-10-10,abigail.lopez@outlook.com,25,3,0,Trincomalee,26,1,University of Moratuwa,14.0,87779.35,Senior Polling Officer,Senior
Chloe Johnson,1978-11-19,chloe.johnson@example.com,47,3,2,Trincomalee,33,0,University of Moratuwa,12.0,46905.85,Senior Polling Officer,Senior
Victoria Johnson,1961-05-05,victoria.johnson@gmail.com,59,3,2,Jaffna,12,4,University of Peradeniya,1.0,118458.87,Clerk,Clerk
Emily Brown,1974-12-20,emily.brown@yahoo.com,64,1,0,Anuradhapura,37,4,University of Jaffna,11.0,117191.6,Clerk,Clerk
Leo Hill,1992-12-26,leo.hill@yahoo.com,41,0,1,Jaffna,42,3,University of Peradeniya,1.0,98009.11,Clerk,Clerk
Chloe Bell,1994-09-19,chloe.bell@example.com,50,1,1,Jaffna,46,2,University of Peradeniya,18.0,67897.86,Clerk,Clerk
Michael Martinez,1974-02-02,michael.martinez@outlook.com,26,3,2,Kandy,10,4,University of Colombo,15.0,43501.55,Senior Polling Officer,Senior
Samantha Wright,1978-09-21,samantha.wright@yahoo.com,62,0,0,Anuradhapura,23,4,University of Colombo,0.0,90267.86,Clerk,Clerk
Scarlett Nelson,1958-12-28,scarlett.nelson@gmail.com,23,0,2,Galle,19,3,University of Jaffna,2.0,92514.48,Junior Polling Officer,Junior
Elijah Thompson,1966-09-03,elijah.thompson@example.com,24,3,0,Negombo,34,3,University of Moratuwa,16.0,97889.4,Senior Polling Officer,Senior
Carter Gonzalez,2001-06-28,carter.gonzalez@yahoo.com,63,2,0,Trincomalee,48,2,University of Colombo,20.0,53979.94,Senior Polling Officer,Senior
Liam Davis,1995-07-01,liam.davis@yahoo.com,41,2,0,Kandy,23,1,University of Jaffna,11.0,54323.57,Senior Polling Officer,Senior
Daniel Hall,1967-06-27,daniel.hall@example.com,30,0,0,Galle,39,4,University of Jaffna,9.0,77939.86,Junior Polling Officer,Junior
Amelia Scott,1989-02-25,amelia.scott@example.com,41,3,2,Negombo,23,2,University of Colombo,9.0,92505.63,Senior Polling Officer,Senior
Chloe Jones,1971-03-22,chloe.jones@outlook.com,34,0,0,Jaffna,46,4,University of Colombo,4.0,41519.67,Junior Polling Officer,Junior
Liam Adams,1989-09-22,liam.adams@example.com,63,2,0,Anuradhapura,14,3,University of Peradeniya,8.0,112178.22,Senior Polling Officer,Senior
Alexander Allen,1996-12-16,alexander.allen@outlook.com,36,1,1,Kandy,32,3,University of Peradeniya,1.0,109819.78,Clerk,Clerk
Lily Lopez,1994-11-04,lily.lopez@yahoo.com,60,3,1,Galle,29,0,University of Jaffna,3.0,115807.11,Clerk,Clerk
Benjamin Harris,1964-03-18,benjamin.harris@gmail.com,65,3,1,Negombo,48,1,University of Jaffna,15.0,87647.92,Senior Polling Officer,Senior
Madison White,1959-08-13,madison.white@gmail.com,31,1,1,Trincomalee,47,0,University of Moratuwa,4.0,71457.27,Clerk,Clerk
James Young,1957-08-26,james.young@gmail.com,49,0,0,Jaffna,9,4,University of Jaffna,1.0,46112.12,Clerk,Clerk
Mia Rodriguez,1963-09-01,mia.rodriguez@outlook.com,22,3,2,Negombo,12,0,University of Moratuwa,8.0,66122.95,Senior Polling Officer,Senior
Amelia Williams,1968-07-16,amelia.williams@example.com,33,1,0,Trincomalee,10,1,University of Peradeniya,20.0,88141.85,Clerk,Clerk
Logan Flores,1996-07-28,logan.flores@example.com,22,1,0,Jaffna,37,4,University of Colombo,9.0,78605.48,Clerk,Junior
Michael Hill,1951-12-02,michael.hill@gmail.com,51,0,1,Trincomalee,32,4,University of Jaffna,18.0,109921.57,Junior Polling Officer,Junior
Amelia Robinson,1955-11-08,amelia.robinson@outlook.com,31,3,1,Negombo,32,3,University of Colombo,15.0,88678.29,Senior Polling Officer,Senior
Sofia Allen,1984-10-16,sofia.allen@yahoo.com,52,2,1,Trincomalee,27,2,University of Moratuwa,4.0,39839.16,Senior Polling Officer,Senior
Daniel Jackson,2001-08-20,daniel.jackson@outlook.com,26,1,1,Colombo,0,3,University of Peradeniya,8.0,29237.39,Clerk,Clerk
Lily Smith,2000-10-19,lily.smith@outlook.com,50,0,0,Kandy,42,4,University of Moratuwa,12.0,95360.86,Junior Polling Officer,Junior
Amelia Adams,2002-06-06,amelia.adams@gmail.com,47,2,1,Anuradhapura,38,3,University of Colombo,16.0,51940.85,Senior Polling Officer,Senior
Jackson Hall,1974-06-15,jackson.hall@outlook.com,38,2,1,Jaffna,6,4,University of Colombo,14.0,50989.63,Senior Polling Officer,Senior
Nathan Lewis,1990-03-13,nathan.lewis@outlook.com,37,1,1,Negombo,0,4,University of Moratuwa,2.0,68143.85,Clerk,Clerk
Chloe Thomas,1996-10-03,chloe.thomas@outlook.com,65,2,2,Kandy,2,2,University of Moratuwa,7.0,105255.08,Senior Polling Officer,Senior
Mason Torres,1963-04-11,mason.torres@yahoo.com,33,2,1,Negombo,34,3,University of Moratuwa,13.0,36410.5,Senior Polling Officer,Senior
Ryan Ramirez,1994-07-08,ryan.ramirez@example.com,59,1,1,Kandy,39,1,University of Peradeniya,2.0,104207.23,Clerk,Clerk
Amelia Harris,1980-06-10,amelia.harris@outlook.com,30,0,0,Kandy,28,0,University of Colombo,6.0,53752.33,Junior Polling Officer,Junior
Elijah Lee,1992-03-16,elijah.lee@yahoo.com,62,3,1,Colombo,43,0,University of Jaffna,6.0,108159.58,Senior Polling Officer,Senior
Noah Adams,1995-06-23,noah.adams@example.com,34,1,2,Negombo,36,1,University of Jaffna,8.0,68531.04,Clerk,Clerk
Amelia Brown,1995-02-07,amelia.brown@yahoo.com,51,0,0,Colombo,49,0,University of Peradeniya,20.0,112748.25,Junior Polling Officer,Junior
Isabella Hall,1969-08-11,isabella.hall@outlook.com,51,2,1,Trincomalee,11,0,University of Peradeniya,15.0,89014.74,Senior Polling Officer,Senior
Aiden Hill,1986-09-27,aiden.hill@yahoo.com,25,3,0,Galle,29,4,University of Peradeniya,14.0,115449.83,Senior Polling Officer,Senior
John Rodriguez,1954-01-23,john.rodriguez@gmail.com,57,0,0,Trincomalee,3,0,University of Peradeniya,6.0,53244.75,Junior Polling Officer,Junior
Sofia Hall,1980-06-15,sofia.hall@gmail.com,35,3,2,Anuradhapura,13,0,University of Jaffna,19.0,55747.93,Senior Polling Officer,Senior
Madison Moore,1984-05-18,madison.moore@yahoo.com,25,3,1,Trincomalee,48,0,University of Moratuwa,14.0,32815.47,Senior Polling Officer,Senior
Aria Bell,1968-12-17,aria.bell@outlook.com,22,3,2,Jaffna,26,3,University of Colombo,3.0,41455.66,Clerk,Clerk
Aria Miller,1951-02-02,aria.miller@yahoo.com,22,0,2,Anuradhapura,38,4,University of Jaffna,10.0,78109.27,Junior Polling Officer,Junior
Nathan Anderson,1957-01-02,nathan.anderson@yahoo.com,51,2,0,Jaffna,1,3,University of Peradeniya,14.0,115137.72,Senior Polling Officer,Senior
Ethan White,1968-06-15,ethan.white@yahoo.com,49,1,1,Galle,36,3,University of Moratuwa,11.0,76241.49,Clerk,Clerk
Daniel Lee,1977-12-12,daniel.lee@gmail.com,43,3,0,Anuradhapura,25,2,University of Jaffna,4.0,76184.15,Clerk,Clerk
William Sanchez,1993-01-23,william.sanchez@yahoo.com,52,3,2,Kandy,34,2,University of Jaffna,3.0,66182.8,Clerk,Clerk
Mason Thomas,1997-01-25,mason.thomas@outlook.com,62,2,1,Kandy,43,0,University of Jaffna,11.0,73304.75,Senior Polling Officer,Senior
Aria Moore,1987-06-13,aria.moore@outlook.com,25,2,1,Kandy,30,3,University of Moratuwa,1.0,48324.53,Clerk,Clerk
Jackson King,1973-01-02,jackson.king@yahoo.com,54,2,0,Kandy,36,1,University of Jaffna,13.0,48682.25,Senior Polling Officer,Senior
Isabella Green,1990-03-24,isabella.green@gmail.com,62,3,1,Trincomalee,14,2,University of Peradeniya,2.0,80433.22,Clerk,Clerk
Sofia Young,1989-01-13,sofia.young@yahoo.com,38,0,2,Galle,49,4,University of Moratuwa,4.0,62965.78,Junior Polling Officer,Junior
Logan Nguyen,2003-12-08,logan.nguyen@yahoo.com,23,2,0,Galle,30,2,University of Jaffna,6.0,82418.44,Senior Polling Officer,Senior
Noah Lee,1951-05-23,noah.lee@gmail.com,65,1,1,Colombo,35,1,University of Jaffna,0.0,74567.99,Clerk,Clerk
Henry Flores,1956-09-05,henry.flores@yahoo.com,30,0,1,Negombo,16,3,University of Moratuwa,1.0,104644.34,Clerk,Clerk
Mason Allen,1960-12-23,mason.allen@example.com,24,2,2,Trincomalee,5,1,University of Peradeniya,9.0,82902.63,Senior Polling Officer,Senior
Emily Bell,1996-05-18,emily.bell@example.com,30,0,0,Kandy,29,4,University of Peradeniya,20.0,103180.73,Junior Polling Officer,Junior
David Lewis,1957-01-15,david.lewis@gmail.com,49,1,1,Colombo,25,0,University of Colombo,4.0,57941.7,Clerk,Clerk
David Torres,2000-03-16,david.torres@outlook.com,31,2,2,Anuradhapura,10,2,University of Moratuwa,9.0,119703.68,Senior Polling Officer,Senior
Ella Hall,1971-12-23,ella.hall@outlook.com,57,0,1,Anuradhapura,23,2,University of Peradeniya,14.0,77919.86,Junior Polling Officer,Junior
Liam Thomas,1991-12-22,liam.thomas@outlook.com,32,2,0,Trincomalee,16,3,University of Jaffna,13.0,49912.74,Senior Polling Officer,Senior
David Flores,1967-05-11,david.flores@example.com,50,3,2,Jaffna,23,1,University of Colombo,1.0,119784.84,Clerk,Clerk
Leo Martin,1983-07-14,leo.martin@gmail.com,35,1,1,Kandy,21,0,University of Peradeniya,4.0,82670.06,Clerk,Clerk
Emily Jackson,1988-05-02,emily.jackson@gmail.com,27,1,2,Colombo,18,3,University of Moratuwa,3.0,50320.96,Clerk,Clerk
Abigail Baker,1957-04-16,abigail.baker@yahoo.com,39,0,2,Trincomalee,37,2,University of Jaffna,18.0,25664.49,Junior Polling Officer,Junior
Harper Hall,1995-07-27,harper.hall@outlook.com,45,2,0,Negombo,18,1,University of Colombo,6.0,36357.68,Senior Polling Officer,Senior
Alexander Torres,1966-05-28,alexander.torres@yahoo.com,32,0,2,Colombo,17,0,University of Colombo,11.0,30740.11,Junior Polling Officer,Junior
Jackson Martinez,1965-11-11,jackson.martinez@gmail.com,39,1,1,Negombo,38,2,University of Colombo,1.0,48474.19,Clerk,Clerk
Lily Wright,1952-08-09,lily.wright@yahoo.com,61,1,0,Trincomalee,46,4,University of Jaffna,11.0,112830.65,Clerk,Clerk
Lucas Perez,1994-01-23,lucas.perez@outlook.com,42,1,2,Negombo,3,1,University of Colombo,8.0,106663.35,Clerk,Clerk
Aiden Brown,1950-06-17,aiden.brown@yahoo.com,60,3,2,Anuradhapura,2,1,University of Moratuwa,8.0,83586.22,Senior Polling Officer,Senior
Mason Hall,2003-02-28,mason.hall@outlook.com,28,1,2,Negombo,36,3,University of Jaffna,1.0,76702.77,Clerk,Clerk
Charlotte Hall,1970-12-28,charlotte.hall@outlook.com,64,3,0,Trincomalee,33,4,University of Moratuwa,20.0,117265.01,Senior Polling Officer,Senior
Chloe Wilson,1968-01-14,chloe.wilson@gmail.com,37,2,0,Anuradhapura,4,1,University of Jaffna,2.0,93387.52,Clerk,Clerk
Emily Hall,1953-06-06,emily.hall@example.com,39,3,1,Jaffna,12,3,University of Jaffna,17.0,51020.8,Senior Polling Officer,Senior
Alexander Nelson,1965-02-25,alexander.nelson@gmail.com,56,1,2,Anuradhapura,0,4,University of Moratuwa,0.0,99724.19,Clerk,Clerk
Nathan Scott,1992-10-15,nathan.scott@outlook.com,40,0,1,Anuradhapura,26,2,University of Moratuwa,9.0,62716.46,Junior Polling Officer,Junior
John Lopez,1951-07-28,john.lopez@example.com,31,2,1,Kandy,1,3,University of Jaffna,10.0,25002.84,Senior Polling Officer,Senior
Aria Nguyen,1955-06-24,aria.nguyen@example.com,22,0,1,Kandy,14,3,University of Jaffna,9.0,81577.12,Junior Polling Officer,Junior
Jackson White,1951-10-02,jackson.white@yahoo.com,22,1,2,Jaffna,44,2,University of Colombo,3.0,116301.44,Clerk,Clerk
Scarlett King,1989-06-11,scarlett.king@yahoo.com,27,3,2,Kandy,8,0,University of Moratuwa,10.0,90042.62,Senior Polling Officer,Senior
Liam Wilson,1999-08-16,liam.wilson@example.com,37,3,2,Trincomalee,20,2,University of Jaffna,13.0,101717.86,Senior Polling Officer,Senior
Harper Johnson,2000-10-16,harper.johnson@yahoo.com,37,2,1,Negombo,24,4,University of Colombo,0.0,101560.06,Clerk,Clerk
Emma Perez,1965-05-27,emma.perez@example.com,65,0,0,Trincomalee,43,2,University of Jaffna,8.0,53302.74,Junior Polling Officer,Junior
John Ramirez,1965-04-23,john.ramirez@example.com,53,3,2,Jaffna,42,2,University of Jaffna,5.0,38293.38,Senior Polling Officer,Senior
Jackson Walker,1975-09-13,jackson.walker@yahoo.com,30,2,2,Galle,32,3,University of Moratuwa,3.0,50937.67,Senior Polling Officer,Senior
John Gonzalez,1983-09-09,john.gonzalez@yahoo.com,55,1,0,Kandy,33,4,University of Moratuwa,10.0,96605.14,Clerk,Clerk
Lily Jackson,1992-11-09,lily.jackson@outlook.com,42,1,1,Anuradhapura,31,2,University of Peradeniya,6.0,66056.2,Clerk,Clerk
Logan Clark,1955-03-19,logan.clark@gmail.com,35,3,1,Galle,9,3,University of Jaffna,17.0,58191.15,Senior Polling Officer,Senior
Ethan Flores,1954-01-17,ethan.flores@gmail.com,21,1,2,Kandy,14,1,University of Peradeniya,14.0,103739.3,Clerk,Clerk
Sofia Harris,1971-08-23,sofia.harris@yahoo.com,37,3,0,Kandy,47,2,University of Colombo,1.0,66396.06,Clerk,Clerk
Chloe Wright,1963-12-17,chloe.wright@example.com,39,2,1,Galle,11,3,University of Peradeniya,16.0,64686.9,Senior Polling Officer,Senior
Isabella Anderson,1958-01-15,isabella.anderson@example.com,61,0,2,Jaffna,13,4,University of Peradeniya,7.0,30743.47,Junior Polling Officer,Junior
David Lee,1970-12-23,david.lee@gmail.com,40,1,2,Trincomalee,35,3,University of Peradeniya,1.0,81536.01,Clerk,Clerk
Aria Garcia,1953-11-07,aria.garcia@example.com,32,2,2,Trincomalee,38,2,University of Colombo,3.0,74940.8,Senior Polling Officer,Senior
Abigail King,1981-04-09,abigail.king@example.com,41,0,1,Galle,41,0,University of Jaffna,13.0,90044.3,Junior Polling Officer,Junior
Ava Moore,1950-03-17,ava.moore@example.com,31,3,1,Galle,46,0,University of Jaffna,12.0,30060.95,Senior Polling Officer,Senior
Ava Torres,1960-09-26,ava.torres@yahoo.com,25,3,2,Colombo,47,4,University of Colombo,6.0,63382.29,Senior Polling Officer,Senior
John Young,1976-05-21,john.young@example.com,50,2,2,Jaffna,35,4,University of Peradeniya,5.0,61014.05,Senior Polling Officer,Senior
Lily Hall,1954-03-20,lily.hall@example.com,52,2,2,Kandy,48,1,University of Jaffna,20.0,92191.74,Senior Polling Officer,Senior
Ryan Johnson,1950-10-08,ryan.johnson@example.com,50,3,2,Jaffna,35,2,University of Moratuwa,13.0,42208.87,Senior Polling Officer,Senior
Charlotte Wilson,1966-09-01,charlotte.wilson@gmail.com,55,1,2,Colombo,16,2,University of Peradeniya,2.0,73511.48,Clerk,Clerk
Benjamin Allen,1972-03-06,benjamin.allen@outlook.com,57,2,2,Colombo,20,4,University of Peradeniya,3.0,56397.28,Senior Polling Officer,Senior
Madison Torres,1972-01-01,madison.torres@example.com,53,0,1,Kandy,7,1,University of Moratuwa,2.0,75211.68,Junior Polling Officer,Junior
Logan Walker,1965-08-27,logan.walker@gmail.com,52,2,2,Negombo,25,0,University of Colombo,1.0,89484.04,Clerk,Clerk
Scarlett Garcia,1965-04-05,scarlett.garcia@outlook.com,47,1,2,Negombo,48,1,University of Moratuwa,6.0,84644.55,Clerk,Clerk
James Flores,1973-03-07,james.flores@yahoo.com,61,3,0,Trincomalee,13,1,University of Jaffna,9.0,92471.64,Senior Polling Officer,Senior
Victoria Robinson,1952-05-02,victoria.robinson@gmail.com,21,2,2,Trincomalee,11,2,University of Colombo,19.0,65763.41,Senior Polling Officer,Senior
Daniel Young,1974-05-07,daniel.young@example.com,30,0,1,Galle,11,0,University of Moratuwa,3.0,56957.49,Junior Polling Officer,Junior
William Thompson,1995-03-15,william.thompson@gmail.com,40,1,2,Anuradhapura,44,4,University of Peradeniya,16.0,53986.62,Clerk,Clerk
Liam Bell,2001-03-01,liam.bell@gmail.com,63,1,0,Kandy,20,4,University of Peradeniya,10.0,89153.76,Clerk,Clerk
Zoe Rodriguez,1978-01-10,zoe.rodriguez@outlook.com,53,3,0,Negombo,22,2,University of Moratuwa,3.0,55208.53,Clerk,Clerk
William Martin,1979-08-24,william.martin@yahoo.com,24,3,1,Anuradhapura,5,3,University of Peradeniya,5.0,44573.86,Senior Polling Officer,Senior
Liam Young,1965-09-24,liam.young@yahoo.com,23,2,2,Kandy,25,1,University of Peradeniya,7.0,51584.05,Senior Polling Officer,Senior
Nathan Allen,1977-08-10,nathan.allen@example.com,46,1,0,Colombo,40,0,University of Peradeniya,5.0,94261.34,Clerk,Clerk
Nathan Lee,1992-01-08,nathan.lee@example.com,62,2,1,Negombo,48,2,University of Peradeniya,4.0,114420.5,Senior Polling Officer,Senior
Ava Robinson,1982-01-01,ava.robinson@yahoo.com,58,1,1,Negombo,28,1,University of Jaffna,15.0,65716.84,Clerk,Clerk
Liam Lopez,1979-09-08,liam.lopez@yahoo.com,45,1,1,Colombo,43,4,University of Moratuwa,2.0,89856.05,Clerk,Clerk
Grace Anderson,1957-07-23,grace.anderson@yahoo.com,38,1,1,Colombo,44,1,University of Peradeniya,6.0,58311.76,Clerk,Clerk
Charlotte Hill,1972-01-27,charlotte.hill@gmail.com,46,0,1,Jaffna,47,3,University of Jaffna,5.0,110749.78,Junior Polling Officer,Junior
Michael Martinez,1954-01-24,michael.martinez@gmail.com,51,1,1,Kandy,23,1,University of Colombo,15.0,49841.87,Clerk,Clerk
Grace Clark,1966-08-09,grace.clark@outlook.com,29,2,1,Trincomalee,4,0,University of Peradeniya,2.0,68066.49,Clerk,Clerk
Leo Green,1960-12-25,leo.green@example.com,41,2,2,Trincomalee,12,2,University of Peradeniya,12.0,36839.81,Senior Polling Officer,Senior
Daniel Lee,1987-11-19,daniel.lee@gmail.com,31,3,2,Colombo,39,2,University of Peradeniya,14.0,90880.27,Senior Polling Officer,Senior
Amelia Bell,1960-01-07,amelia.bell@example.com,33,0,0,Anuradhapura,16,4,University of Moratuwa,11.0,38557.6,Junior Polling Officer,Junior
Emma Jackson,2003-05-23,emma.jackson@example.com,25,0,0,Negombo,11,2,University of Jaffna,9.0,65683.72,Junior Polling Officer,Junior
Isabella Gonzalez,1956-05-14,isabella.gonzalez@outlook.com,28,3,0,Colombo,30,0,University of Colombo,13.0,93470.72,Senior Polling Officer,Senior
Benjamin Taylor,1996-02-17,benjamin.taylor@example.com,63,2,1,Galle,11,2,University of Moratuwa,0.0,86758.3,Clerk,Clerk
Charlotte Adams,1985-04-17,charlotte.adams@example.com,36,1,1,Anuradhapura,22,1,University of Peradeniya,17.0,53340.38,Clerk,Clerk
David Green,1992-10-02,david.green@yahoo.com,55,1,2,Jaffna,39,3,University of Moratuwa,11.0,100604.4,Clerk,Clerk
Sophia Nelson,1995-11-26,sophia.nelson@example.com,40,1,2,Colombo,39,3,University of Jaffna,7.0,47361.46,Clerk,Clerk
Amelia Lewis,1995-08-19,amelia.lewis@outlook.com,29,2,2,Anuradhapura,37,3,University of Jaffna,8.0,106499.21,Senior Polling Officer,Senior
Ava Rodriguez,1952-05-07,ava.rodriguez@outlook.com,20,2,2,Anuradhapura,29,2,University of Colombo,7.0,101612.18,Senior Polling Officer,Senior
Ella Perez,1963-08-01,ella.perez@example.com,37,3,2,Trincomalee,6,3,University of Moratuwa,0.0,119774.63,Clerk,Clerk
John King,1980-12-26,john.king@outlook.com,37,2,2,Galle,1,2,University of Moratuwa,17.0,34839.79,Senior Polling Officer,Senior
Oliver King,1991-10-09,oliver.king@outlook.com,57,0,1,Negombo,0,0,University of Moratuwa,13.0,27203.96,Junior Polling Officer,Junior
Scarlett Jackson,2001-12-18,scarlett.jackson@yahoo.com,63,3,0,Anuradhapura,33,0,University of Moratuwa,4.0,72482.43,Clerk,Clerk
James Lopez,1951-01-06,james.lopez@outlook.com,27,1,2,Kandy,25,4,University of Jaffna,10.0,117946.23,Clerk,Clerk
John Baker,1983-10-19,john.baker@example.com,48,2,0,Kandy,3,0,University of Jaffna,6.0,77870.19,Senior Polling Officer,Senior
Ryan Rodriguez,1957-03-15,ryan.rodriguez@gmail.com,29,3,1,Anuradhapura,23,0,University of Colombo,9.0,84991.47,Senior Polling Officer,Senior
Noah Gonzalez,2003-06-26,noah.gonzalez@yahoo.com,37,3,1,Galle,45,3,University of Peradeniya,13.0,70540.62,Senior Polling Officer,Senior
Noah Bell,1953-09-09,noah.bell@outlook.com,49,2,2,Negombo,12,4,University of Jaffna,6.0,92956.98,Senior Polling Officer,Senior
James Thompson,1991-09-27,james.thompson@gmail.com,65,3,0,Colombo,26,1,University of Jaffna,13.0,44497.44,Senior Polling Officer,Senior
Nathan Rodriguez,1980-01-26,nathan.rodriguez@example.com,37,2,2,Anuradhapura,47,4,University of Jaffna,10.0,36333.46,Senior Polling Officer,Senior
Jackson Young,1981-03-16,jackson.young@gmail.com,36,0,0,Negombo,5,4,University of Colombo,17.0,107720.95,Junior Polling Officer,Junior
Liam Martinez,1961-11-07,liam.martinez@gmail.com,56,1,0,Colombo,19,3,University of Jaffna,3.0,105700.21,Clerk,Clerk
Zoe Rivera,1984-08-04,zoe.rivera@example.com,42,0,2,Trincomalee,42,3,University of Moratuwa,13.0,103485.09,Junior Polling Officer,Junior
Grace Green,1974-07-03,grace.green@gmail.com,39,1,1,Negombo,28,1,University of Moratuwa,4.0,69179.45,Clerk,Clerk
Nathan Thompson,1992-05-17,nathan.thompson@outlook.com,62,2,1,Jaffna,44,1,University of Moratuwa,13.0,46146.38,Senior Polling Officer,Senior
Ava Hernandez,1961-02-08,ava.hernandez@example.com,43,3,0,Galle,27,4,University of Colombo,7.0,103884.72,Senior Polling Officer,Senior
Madison Flores,1993-10-08,madison.flores@gmail.com,23,0,2,Kandy,40,4,University of Moratuwa,16.0,48634.67,Junior Polling Officer,Junior
Henry Jackson,1999-05-16,henry.jackson@yahoo.com,64,0,2,Negombo,34,2,University of Peradeniya,1.0,113546.01,Clerk,Clerk
John Rivera,1967-12-18,john.rivera@example.com,21,2,0,Anuradhapura,21,3,University of Moratuwa,9.0,65303.3,Senior Polling Officer,Senior
Ella Hall,1961-03-17,ella.hall@gmail.com,36,2,2,Galle,48,1,University of Jaffna,2.0,103504.54,Clerk,Clerk
Alexander Martin,1973-05-15,alexander.martin@example.com,59,1,1,Kandy,44,0,University of Peradeniya,1.0,108695.92,Clerk,Clerk
Lucas Clark,1999-10-22,lucas.clark@example.com,23,3,1,Jaffna,5,4,University of Peradeniya,12.0,43136.22,Senior Polling Officer,Senior
Michael White,1963-07-09,michael.white@yahoo.com,22,2,0,Anuradhapura,42,4,University of Peradeniya,15.0,94127.3,Senior Polling Officer,Senior
Emma Miller,1983-06-12,emma.miller@outlook.com,51,1,1,Trincomalee,38,0,University of Peradeniya,15.0,51450.94,Clerk,Clerk
Abigail Rodriguez,1960-08-05,abigail.rodriguez@yahoo.com,37,3,1,Anuradhapura,34,1,University of Moratuwa,2.0,87115.44,Clerk,Clerk
Oliver Baker,1953-02-09,oliver.baker@example.com,22,3,2,Anuradhapura,34,3,University of Moratuwa,10.0,105002.0,Senior Polling Officer,Senior
Chloe Green,1965-05-02,chloe.green@yahoo.com,32,1,1,Colombo,43,0,University of Peradeniya,10.0,106458.1,Clerk,Clerk
Mia Allen,1969-04-27,mia.allen@gmail.com,41,1,1,Anuradhapura,17,4,University of Peradeniya,2.0,50232.47,Clerk,Clerk
Ethan Green,1974-08-22,ethan.green@example.com,22,0,1,Trincomalee,0,3,University of Colombo,3.0,52751.9,Junior Polling Officer,Junior
Madison Hernandez,1973-07-21,madison.hernandez@example.com,30,2,1,Colombo,9,3,University of Colombo,5.0,92091.99,Senior Polling Officer,Senior
Charlotte Smith,1988-01-24,charlotte.smith@yahoo.com,44,3,0,Colombo,19,1,University of Colombo,2.0,80826.61,Clerk,Clerk
Harper Brown,1982-06-16,harper.brown@gmail.com,51,3,0,Galle,18,2,University of Moratuwa,0.0,104451.52,Clerk,Clerk
Emily Allen,1968-06-15,emily.allen@example.com,54,0,0,Kandy,4,2,University of Colombo,10.0,36119.73,Junior Polling Officer,Junior
Abigail Hernandez,1984-10-26,abigail.hernandez@yahoo.com,44,2,1,Colombo,40,4,University of Colombo,16.0,43359.22,Senior Polling Officer,Senior
Ryan Moore,1992-06-20,ryan.moore@example.com,49,3,1,Kandy,2,3,University of Colombo,16.0,105866.12,Senior Polling Officer,Senior
Abigail Rodriguez,1983-03-20,abigail.rodriguez@yahoo.com,28,0,2,Jaffna,40,2,University of Jaffna,19.0,66254.46,Junior Polling Officer,Junior
Logan Jones,1960-09-09,logan.jones@outlook.com,65,2,0,Trincomalee,44,3,University of Peradeniya,6.0,93009.52,Senior Polling Officer,Senior
Benjamin Wright,1992-02-26,benjamin.wright@gmail.com,57,3,2,Kandy,26,4,University of Jaffna,10.0,79122.74,Senior Polling Officer,Senior
Emma Wright,1974-05-25,emma.wright@outlook.com,34,3,0,Trincomalee,3,2,University of Jaffna,6.0,104347.63,Senior Polling Officer,Senior
Michael King,1970-04-03,michael.king@yahoo.com,27,0,2,Galle,21,2,University of Jaffna,1.0,38092.15,Clerk,Clerk
Logan Young,1951-02-21,logan.young@example.com,26,0,0,Kandy,45,0,University of Moratuwa,3.0,61413.54,Junior Polling Officer,Junior
Isabella Walker,1964-08-19,isabella.walker@gmail.com,60,3,0,Colombo,32,4,University of Jaffna,19.0,113466.76,Senior Polling Officer,Senior
Daniel Taylor,1986-07-09,daniel.taylor@example.com,42,0,2,Colombo,31,2,University of Peradeniya,12.0,55634.07,Junior Polling Officer,Junior
Noah King,1979-01-15,noah.king@gmail.com,48,1,0,Colombo,40,2,University of Colombo,15.0,53005.28,Clerk,Clerk
Emily Hall,1990-02-28,emily.hall@example.com,53,1,2,Trincomalee,44,0,University of Jaffna,10.0,54116.05,Clerk,Clerk
Madison Allen,1980-10-07,madison.allen@example.com,44,1,0,Jaffna,18,4,University of Peradeniya,4.0,67639.92,Clerk,Clerk
Sophia Rodriguez,1975-05-27,sophia.rodriguez@outlook.com,33,1,0,Negombo,12,2,University of Moratuwa,13.0,117814.72,Clerk,Clerk
Jackson Lewis,1967-03-25,jackson.lewis@example.com,30,2,2,Anuradhapura,23,2,University of Moratuwa,18.0,98086.85,Senior Polling Officer,Senior
Oliver Johnson,1983-06-27,oliver.johnson@outlook.com,63,1,2,Trincomalee,9,2,University of Peradeniya,7.0,78368.08,Clerk,Clerk
Ryan Wilson,1966-12-24,ryan.wilson@yahoo.com,31,2,0,Galle,0,4,University of Peradeniya,5.0,48547.68,Senior Polling Officer,Senior
Abigail Moore,1980-01-06,abigail.moore@outlook.com,63,1,2,Kandy,7,4,University of Jaffna,19.0,49502.31,Clerk,Clerk
Ethan Flores,1953-04-07,ethan.flores@example.com,46,3,2,Negombo,35,4,University of Peradeniya,15.0,66591.5,Senior Polling Officer,Senior
Daniel Torres,1968-08-17,daniel.torres@example.com,27,2,0,Kandy,29,4,University of Peradeniya,6.0,77679.18,Senior Polling Officer,Senior
Scarlett Garcia,1994-10-06,scarlett.garcia@outlook.com,59,0,2,Jaffna,34,2,University of Colombo,6.0,56919.63,Junior Polling Officer,Junior
Jackson Nelson,1951-12-13,jackson.nelson@outlook.com,53,1,2,Jaffna,14,2,University of Moratuwa,3.0,119277.8,Clerk,Clerk
Lucas Clark,1958-09-28,lucas.clark@example.com,35,2,0,Trincomalee,27,3,University of Moratuwa,2.0,59082.11,Clerk,Clerk
Harper Torres,1955-03-19,harper.torres@gmail.com,21,3,2,Colombo,40,1,University of Moratuwa,16.0,71518.34,Senior Polling Officer,Senior
Abigail Young,1967-12-13,abigail.young@yahoo.com,24,1,1,Trincomalee,43,1,University of Jaffna,2.0,93826.19,Clerk,Clerk
Elijah Harris,1984-04-04,elijah.harris@yahoo.com,23,2,2,Kandy,13,2,University of Moratuwa,11.0,80029.67,Senior Polling Officer,Senior
Victoria Thomas,1960-03-09,victoria.thomas@example.com,35,1,2,Jaffna,41,4,University of Colombo,13.0,58391.63,Clerk,Clerk
William Hall,1992-02-22,william.hall@outlook.com,34,3,1,Anuradhapura,5,2,University of Colombo,12.0,86423.45,Senior Polling Officer,Senior
Ella Thompson,1962-09-13,ella.thompson@gmail.com,21,2,0,Anuradhapura,12,2,University of Moratuwa,8.0,42364.13,Senior Polling Officer,Senior
Ethan Gonzalez,1965-01-04,ethan.gonzalez@outlook.com,61,1,2,Kandy,29,3,University of Moratuwa,19.0,108297.34,Clerk,Clerk
Elijah Nelson,1965-02-19,elijah.nelson@outlook.com,54,3,2,Jaffna,0,1,University of Moratuwa,8.0,86202.44,Senior Polling Officer,Senior
Mia Robinson,1953-05-02,mia.robinson@yahoo.com,21,1,1,Kandy,44,0,University of Moratuwa,8.0,25898.84,Clerk,Clerk
Abigail Harris,2000-03-18,abigail.harris@example.com,38,0,0,Negombo,34,1,University of Colombo,13.0,76904.18,Junior Polling Officer,Junior
James Harris,1958-11-02,james.harris@gmail.com,22,3,0,Trincomalee,43,2,University of Colombo,11.0,73855.76,Senior Polling Officer,Senior
Jackson Adams,1969-06-06,jackson.adams@example.com,41,0,2,Kandy,10,0,University of Colombo,6.0,104531.08,Junior Polling Officer,Junior
William Young,1954-04-14,william.young@gmail.com,39,3,0,Kandy,22,1,University of Peradeniya,8.0,33613.49,Senior Polling Officer,Senior
Noah Nguyen,1985-12-04,noah.nguyen@yahoo.com,32,0,1,Negombo,4,4,University of Colombo,0.0,81916.55,Clerk,Clerk
Mia Smith,1963-10-21,mia.smith@outlook.com,47,1,0,Colombo,7,2,University of Jaffna,13.0,65967.42,Clerk,Clerk
Aiden Garcia,1970-06-28,aiden.garcia@yahoo.com,54,2,2,Anuradhapura,4,4,University of Jaffna,1.0,112356.4,Clerk,Clerk
Olivia Moore,1986-03-14,olivia.moore@gmail.com,25,2,1,Trincomalee,17,3,University of Colombo,17.0,28032.28,Senior Polling Officer,Senior
John Nguyen,1961-09-20,john.nguyen@example.com,57,2,2,Galle,7,0,University of Moratuwa,5.0,37870.5,Senior Polling Officer,Senior
Amelia Rivera,1959-01-19,amelia.rivera@gmail.com,25,2,0,Galle,44,0,University of Jaffna,7.0,41451.19,Senior Polling Officer,Senior
David Thomas,1965-02-09,david.thomas@gmail.com,52,1,1,Negombo,0,2,University of Moratuwa,19.0,49996.75,Clerk,Clerk
Nathan Jackson,1974-08-17,nathan.jackson@example.com,64,0,0,Galle,24,1,University of Peradeniya,11.0,51337.24,Junior Polling Officer,Junior
Scarlett Wright,1958-03-13,scarlett.wright@example.com,52,2,2,Anuradhapura,30,4,University of Moratuwa,13.0,71882.23,Senior Polling Officer,Senior
James Clark,1963-11-18,james.clark@outlook.com,21,3,0,Trincomalee,2,2,University of Moratuwa,0.0,95787.4,Clerk,Clerk
Mason Lewis,2000-02-09,mason.lewis@gmail.com,25,3,2,Negombo,36,0,University of Peradeniya,20.0,64134.14,Senior Polling Officer,Senior
Alexander Hill,2003-01-08,alexander.hill@gmail.com,45,2,0,Trincomalee,24,1,University of Colombo,1.0,68046.37,Clerk,Clerk
Nathan Bell,1961-07-10,nathan.bell@outlook.com,60,0,0,Kandy,16,4,University of Moratuwa,15.0,55782.84,Junior Polling Officer,Junior
Madison Davis,1975-02-15,madison.davis@yahoo.com,47,1,2,Anuradhapura,23,1,University of Jaffna,16.0,80084.74,Clerk,Clerk
Ethan Martinez,1994-12-06,ethan.martinez@gmail.com,47,2,0,Jaffna,5,0,University of Jaffna,13.0,81334.27,Senior Polling Officer,Senior
Lily Gonzalez,2002-04-11,lily.gonzalez@yahoo.com,63,3,0,Colombo,32,1,University of Colombo,12.0,45017.53,Senior Polling Officer,Senior
Oliver King,1994-12-22,oliver.king@yahoo.com,50,0,1,Colombo,29,4,University of Colombo,9.0,115127.31,Junior Polling Officer,Junior
Leo Clark,1967-10-07,leo.clark@example.com,64,3,0,Colombo,29,0,University of Peradeniya,19.0,96755.59,Senior Polling Officer,Senior
Victoria Lewis,1998-08-03,victoria.lewis@yahoo.com,27,2,2,Galle,5,0,University of Colombo,20.0,88130.54,Senior Polling Officer,Senior
Alexander Clark,1984-05-11,alexander.clark@example.com,59,1,1,Colombo,38,0,University of Colombo,9.0,41993.17,Clerk,Clerk
Madison Lewis,1955-09-05,madison.lewis@example.com,63,0,2,Jaffna,48,2,University of Moratuwa,9.0,47464.22,Junior Polling Officer,Junior
Nathan Torres,1976-06-18,nathan.torres@example.com,56,0,1,Galle,13,4,University of Colombo,3.0,34221.02,Junior Polling Officer,Junior
Samantha Rivera,1959-11-26,samantha.rivera@outlook.com,34,1,2,Colombo,25,3,University of Moratuwa,16.0,80411.64,Clerk,Clerk
Zoe Anderson,1968-02-07,zoe.anderson@outlook.com,26,3,0,Galle,37,1,University of Jaffna,8.0,98670.93,Senior Polling Officer,Senior
Elijah Garcia,1991-07-06,elijah.garcia@example.com,34,2,2,Negombo,24,1,University of Peradeniya,2.0,48003.65,Clerk,Clerk
Carter Smith,1970-02-22,carter.smith@example.com,56,1,0,Jaffna,5,3,University of Jaffna,7.0,78271.13,Clerk,Clerk
Chloe Martin,1998-01-04,chloe.martin@outlook.com,20,1,1,Colombo,13,0,University of Jaffna,16.0,68029.61,Clerk,Clerk
James Harris,1956-06-16,james.harris@outlook.com,62,1,1,Colombo,22,1,University of Colombo,15.0,74278.11,Clerk,Clerk
Chloe Thomas,1965-07-27,chloe.thomas@example.com,34,2,0,Galle,39,2,University of Peradeniya,19.0,76097.43,Senior Polling Officer,Senior
Michael Wright,1957-03-20,michael.wright@example.com,38,3,2,Colombo,23,4,University of Jaffna,10.0,84400.52,Senior Polling Officer,Senior
Jackson Clark,1991-09-02,jackson.clark@outlook.com,30,0,1,Trincomalee,45,3,University of Jaffna,2.0,76083.36,Junior Polling Officer,Junior
Michael Anderson,2001-09-03,michael.anderson@yahoo.com,55,3,2,Negombo,9,1,University of Moratuwa,7.0,47441.63,Senior Polling Officer,Senior
Ava Smith,1997-11-19,ava.smith@yahoo.com,34,2,1,Galle,45,2,University of Moratuwa,14.0,49316.31,Senior Polling Officer,Senior
Carter Flores,1984-09-18,carter.flores@example.com,56,2,2,Colombo,0,0,University of Jaffna,17.0,29815.51,Senior Polling Officer,Senior
Aria Jackson,1963-07-03,aria.jackson@outlook.com,43,2,2,Colombo,2,2,University of Colombo,8.0,99756.55,Senior Polling Officer,Senior
Daniel Sanchez,1983-12-20,daniel.sanchez@example.com,59,1,1,Negombo,12,4,University of Peradeniya,8.0,31201.55,Clerk,Clerk
Michael Hall,1983-05-27,michael.hall@example.com,54,1,2,Trincomalee,49,1,University of Colombo,3.0,42272.08,Clerk,Clerk
Chloe Davis,1953-10-10,chloe.davis@example.com,34,2,1,Colombo,16,1,University of Moratuwa,5.0,43306.35,Senior Polling Officer,Senior
Daniel Scott,2001-04-13,daniel.scott@gmail.com,55,3,0,Colombo,19,4,University of Colombo,11.0,52409.07,Senior Polling Officer,Senior
Emily Thompson,1970-09-28,emily.thompson@example.com,52,3,1,Kandy,45,0,University of Colombo,4.0,40342.14,Clerk,Clerk
Amelia Hall,1993-11-08,amelia.hall@gmail.com,65,3,0,Galle,4,4,University of Peradeniya,20.0,35671.36,Senior Polling Officer,Senior
Lucas Ramirez,1978-05-03,lucas.ramirez@example.com,39,0,2,Trincomalee,14,0,University of Jaffna,1.0,81401.01,Clerk,Clerk
Mia Young,1958-06-28,mia.young@outlook.com,49,2,0,Galle,44,2,University of Colombo,11.0,61589.0,Senior Polling Officer,Senior
Elijah Rivera,1982-06-24,elijah.rivera@example.com,35,0,1,Galle,32,0,University of Jaffna,12.0,62132.51,Junior Polling Officer,Junior
Elijah Lopez,1997-07-26,elijah.lopez@outlook.com,24,1,2,Anuradhapura,25,1,University of Jaffna,9.0,116369.85,Clerk,Clerk
Aiden Jackson,2000-11-27,aiden.jackson@example.com,62,0,0,Jaffna,10,3,University of Jaffna,20.0,51252.44,Junior Polling Officer,Junior
Leo Wilson,1964-06-02,leo.wilson@example.com,48,3,0,Negombo,45,4,University of Peradeniya,2.0,51381.78,Clerk,Clerk
Aria Taylor,1971-01-27,aria.taylor@example.com,47,2,1,Negombo,38,1,University of Jaffna,20.0,76451.43,Senior Polling Officer,Senior
Zoe Rivera,2000-07-09,zoe.rivera@gmail.com,32,1,0,Kandy,16,2,University of Peradeniya,4.0,39029.5,Clerk,Clerk
Charlotte Hall,1972-06-06,charlotte.hall@outlook.com,45,0,2,Negombo,9,3,University of Peradeniya,12.0,107530.42,Junior Polling Officer,Junior
Ella Clark,1955-11-16,ella.clark@yahoo.com,57,2,2,Negombo,38,2,University of Colombo,15.0,31953.1,Senior Polling Officer,Senior
Ava Robinson,1969-10-14,ava.robinson@yahoo.com,45,3,2,Jaffna,24,4,University of Jaffna,9.0,29053.22,Senior Polling Officer,Senior
David Nguyen,1966-12-07,david.nguyen@example.com,63,2,0,Colombo,0,0,University of Moratuwa,7.0,88710.75,Senior Polling Officer,Senior
James Smith,1998-06-01,james.smith@example.com,57,3,2,Trincomalee,39,1,University of Colombo,5.0,115821.83,Senior Polling Officer,Senior
Mason Perez,1954-10-03,mason.perez@outlook.com,49,2,0,Colombo,10,0,University of Jaffna,1.0,75189.55,Clerk,Clerk
Jackson Nguyen,2000-03-09,jackson.nguyen@gmail.com,43,1,0,Galle,1,2,University of Peradeniya,8.0,102606.03,Clerk,Clerk
Scarlett Taylor,1972-08-04,scarlett.taylor@example.com,53,0,0,Trincomalee,33,0,University of Moratuwa,6.0,82712.88,Junior Polling Officer,Junior
Ella Adams,1989-03-17,ella.adams@example.com,55,3,1,Galle,38,0,University of Colombo,5.0,38228.7,Senior Polling Officer,Senior
Charlotte Torres,1956-02-27,charlotte.torres@gmail.com,44,0,1,Anuradhapura,44,0,University of Colombo,11.0,33371.98,Junior Polling Officer,Junior
Carter Lee,1980-09-15,carter.lee@gmail.com,46,1,1,Kandy,43,3,University of Colombo,15.0,108840.45,Clerk,Clerk
Mia Thompson,1975-06-16,mia.thompson@example.com,57,2,0,Negombo,37,3,University of Moratuwa,2.0,79260.35,Clerk,Clerk
Mia Lewis,1970-09-23,mia.lewis@example.com,30,2,1,Trincomalee,46,1,University of Jaffna,5.0,71567.62,Senior Polling Officer,Senior
Sophia Clark,2002-12-12,sophia.clark@example.com,42,1,2,Jaffna,49,2,University of Jaffna,10.0,78689.17,Clerk,Clerk
Leo Jones,1958-04-09,leo.jones@example.com,21,0,0,Galle,16,0,University of Colombo,5.0,105249.58,Junior Polling Officer,Junior
Scarlett Walker,1980-10-21,scarlett.walker@gmail.com,21,2,0,Galle,10,0,University of Jaffna,5.0,74702.22,Senior Polling Officer,Senior
Harper Lee,1968-04-05,harper.lee@example.com,33,3,1,Trincomalee,29,4,University of Peradeniya,13.0,98759.0,Senior Polling Officer,Senior
Emily Ramirez,1972-09-26,emily.ramirez@example.com,57,0,2,Trincomalee,46,1,University of Colombo,12.0,38934.03,Junior Polling Officer,Junior
Elijah Martinez,1953-02-20,elijah.martinez@yahoo.com,53,0,2,Anuradhapura,40,1,University of Colombo,19.0,60293.3,Junior Polling Officer,Junior
Elijah Jones,1982-12-13,elijah.jones@gmail.com,26,0,1,Jaffna,38,4,University of Jaffna,13.0,94879.48,Junior Polling Officer,Junior
Victoria Lewis,1974-11-16,victoria.lewis@outlook.com,20,0,1,Negombo,22,4,University of Jaffna,8.0,30777.72,Junior Polling Officer,Junior
Sophia Rodriguez,1951-01-06,sophia.rodriguez@example.com,64,3,2,Negombo,6,3,University of Peradeniya,16.0,38604.39,Senior Polling Officer,Senior
William Taylor,1965-06-22,william.taylor@outlook.com,23,0,0,Negombo,49,1,University of Colombo,18.0,51490.97,Junior Polling Officer,Junior
Olivia Rivera,1980-11-21,olivia.rivera@gmail.com,62,2,1,Jaffna,9,3,University of Peradeniya,2.0,111672.7,Clerk,Clerk
Olivia Rodriguez,1982-03-26,olivia.rodriguez@gmail.com,55,0,0,Jaffna,41,1,University of Moratuwa,19.0,95895.99,Junior Polling Officer,Junior
Carter Thompson,1957-04-26,carter.thompson@example.com,25,0,1,Anuradhapura,21,3,University of Jaffna,19.0,62600.81,Junior Polling Officer,Junior
Lucas Lee,1981-05-07,lucas.lee@gmail.com,33,0,1,Kandy,9,2,University of Moratuwa,13.0,29881.65,Junior Polling Officer,Junior
Scarlett Sanchez,1959-02-13,scarlett.sanchez@gmail.com,37,1,2,Jaffna,23,4,University of Colombo,16.0,43673.69,Clerk,Clerk
Ava Baker,1992-05-26,ava.baker@example.com,35,2,1,Negombo,41,1,University of Moratuwa,9.0,90099.19,Senior Polling Officer,Senior
Elijah Adams,1978-10-10,elijah.adams@example.com,55,2,2,Negombo,48,0,University of Jaffna,7.0,101361.15,Senior Polling Officer,Senior
Aiden Miller,1966-12-22,aiden.miller@example.com,36,0,0,Trincomalee,11,3,University of Jaffna,1.0,99609.86,Clerk,Clerk
Mason Smith,1992-07-08,mason.smith@example.com,38,2,0,Anuradhapura,14,4,University of Jaffna,8.0,80868.41,Senior Polling Officer,Senior
Scarlett Torres,1992-06-24,scarlett.torres@gmail.com,62,2,2,Jaffna,42,4,University of Jaffna,3.0,68119.28,Senior Polling Officer,Senior
Zoe Scott,1994-02-16,zoe.scott@yahoo.com,62,1,1,Jaffna,48,4,University of Colombo,16.0,100702.09,Clerk,Clerk
Madison Jackson,1980-11-07,madison.jackson@outlook.com,41,1,1,Kandy,23,3,University of Jaffna,4.0,52272.95,Clerk,Clerk
Chloe Moore,1975-02-05,chloe.moore@outlook.com,55,0,1,Anuradhapura,3,1,University of Peradeniya,17.0,101750.02,Junior Polling Officer,Junior
Michael Allen,1993-03-25,michael.allen@yahoo.com,24,3,0,Colombo,2,3,University of Peradeniya,3.0,53392.76,Clerk,Clerk
John Lee,1958-03-02,john.lee@yahoo.com,40,2,2,Jaffna,37,4,University of Moratuwa,18.0,88640.85,Senior Polling Officer,Senior
Grace Scott,1960-10-24,grace.scott@gmail.com,57,0,0,Negombo,23,3,University of Colombo,15.0,39977.39,Junior Polling Officer,Junior
Liam Taylor,1978-02-13,liam.taylor@outlook.com,40,0,1,Anuradhapura,27,2,University of Colombo,0.0,40690.54,Clerk,Clerk
Sofia Hernandez,1971-08-02,sofia.hernandez@example.com,47,2,2,Galle,24,3,University of Moratuwa,3.0,71215.1,Senior Polling Officer,Senior
Daniel Nelson,1951-12-28,daniel.nelson@yahoo.com,52,2,2,Colombo,32,1,University of Moratuwa,18.0,91063.13,Senior Polling Officer,Senior
Abigail Hall,1997-04-03,abigail.hall@gmail.com,43,1,0,Anuradhapura,11,0,University of Peradeniya,0.0,94369.58,Clerk,Clerk
Ava Gonzalez,1987-11-17,ava.gonzalez@outlook.com,48,0,0,Galle,27,0,University of Peradeniya,13.0,74520.1,Junior Polling Officer,Junior
Mia Flores,1954-09-04,mia.flores@gmail.com,56,0,2,Colombo,14,2,University of Colombo,11.0,25829.73,Junior Polling Officer,Junior
Michael Ramirez,1998-10-09,michael.ramirez@yahoo.com,56,1,0,Trincomalee,33,2,University of Colombo,14.0,106206.16,Clerk,Clerk
Ava Sanchez,1950-05-18,ava.sanchez@yahoo.com,51,1,1,Kandy,24,0,University of Jaffna,10.0,75394.39,Clerk,Clerk
Scarlett Thomas,1992-10-25,scarlett.thomas@gmail.com,27,3,2,Jaffna,31,2,University of Jaffna,15.0,54493.69,Senior Polling Officer,Senior
Olivia Robinson,2000-02-25,olivia.robinson@outlook.com,64,3,0,Jaffna,27,0,University of Jaffna,10.0,38612.08,Senior Polling Officer,Senior
Scarlett Sanchez,1959-10-05,scarlett.sanchez@outlook.com,52,3,2,Galle,12,1,University of Jaffna,13.0,83189.78,Senior Polling Officer,Senior
Aria Nguyen,2003-08-03,aria.nguyen@outlook.com,64,2,2,Jaffna,6,4,University of Moratuwa,6.0,94841.45,Senior Polling Officer,Senior
Noah Nelson,1982-09-11,noah.nelson@yahoo.com,28,1,1,Anuradhapura,14,4,University of Colombo,17.0,35983.93,Clerk,Clerk
Ava Thompson,1981-01-09,ava.thompson@gmail.com,45,1,0,Galle,39,4,University of Peradeniya,5.0,75019.96,Clerk,Clerk
Mia Hill,1966-07-19,mia.hill@yahoo.com,37,1,1,Anuradhapura,25,2,University of Moratuwa,18.0,93297.12,Clerk,Clerk
Emily Robinson,1956-06-19,emily.robinson@example.com,51,0,2,Jaffna,38,4,University of Jaffna,8.0,90512.71,Junior Polling Officer,Junior
Leo Hall,1993-11-03,leo.hall@outlook.com,52,2,2,Galle,41,1,University of Moratuwa,16.0,37104.07,Senior Polling Officer,Senior
Alexander Hall,1967-03-05,alexander.hall@yahoo.com,57,2,2,Jaffna,27,0,University of Colombo,4.0,86467.4,Senior Polling Officer,Senior
Chloe Smith,1991-06-06,chloe.smith@example.com,28,0,2,Galle,4,0,University of Jaffna,0.0,79764.44,Clerk,Clerk
Charlotte Rodriguez,1991-01-03,charlotte.rodriguez@gmail.com,32,0,1,Kandy,9,1,University of Colombo,12.0,52445.39,Junior Polling Officer,Junior
Lucas Lopez,1959-10-14,lucas.lopez@yahoo.com,57,1,1,Kandy,27,0,University of Jaffna,1.0,46815.73,Clerk,Clerk
Logan Adams,1970-12-18,logan.adams@gmail.com,33,0,0,Trincomalee,32,1,University of Moratuwa,14.0,116322.9,Junior Polling Officer,Junior
Emily Martin,1991-08-14,emily.martin@gmail.com,63,2,0,Trincomalee,37,0,University of Colombo,10.0,110045.79,Senior Polling Officer,Senior
Scarlett King,1959-09-16,scarlett.king@gmail.com,35,0,0,Anuradhapura,18,3,University of Colombo,4.0,33656.69,Junior Polling Officer,Junior
Henry Rodriguez,1959-12-04,henry.rodriguez@gmail.com,57,2,2,Galle,35,0,University of Peradeniya,16.0,101388.18,Senior Polling Officer,Senior
James Lopez,1986-04-24,james.lopez@gmail.com,49,2,1,Galle,19,3,University of Moratuwa,11.0,35915.23,Senior Polling Officer,Senior
Isabella Hill,1997-04-21,isabella.hill@example.com,36,0,1,Kandy,16,4,University of Moratuwa,10.0,92033.78,Junior Polling Officer,Junior
David Thomas,1978-06-12,david.thomas@outlook.com,56,2,2,Anuradhapura,8,1,University of Peradeniya,3.0,103670.93,Senior Polling Officer,Senior
Logan Taylor,2002-06-03,logan.taylor@outlook.com,37,2,2,Trincomalee,10,2,University of Moratuwa,18.0,70096.05,Senior Polling Officer,Senior
Liam Hill,1996-01-23,liam.hill@gmail.com,49,0,0,Kandy,33,3,University of Colombo,6.0,116400.79,Junior Polling Officer,Junior
Henry King,1985-06-19,henry.king@yahoo.com,30,0,0,Anuradhapura,7,0,University of Moratuwa,20.0,105240.97,Junior Polling Officer,Junior
Sofia Martinez,1980-12-09,sofia.martinez@outlook.com,61,2,1,Colombo,28,3,University of Peradeniya,5.0,65189.06,Senior Polling Officer,Senior
Mia Flores,1994-09-07,mia.flores@outlook.com,25,0,1,Trincomalee,47,0,University of Jaffna,17.0,64104.59,Junior Polling Officer,Junior
John Thompson,1978-11-26,john.thompson@example.com,38,1,0,Kandy,41,1,University of Peradeniya,6.0,99310.72,Clerk,Clerk
Noah Anderson,1953-02-05,noah.anderson@yahoo.com,58,2,2,Colombo,3,2,University of Jaffna,18.0,86021.66,Senior Polling Officer,Senior
Sofia Green,1961-01-03,sofia.green@outlook.com,64,1,2,Negombo,11,3,University of Moratuwa,5.0,39536.46,Clerk,Clerk
Grace Green,2003-07-02,grace.green@outlook.com,24,2,0,Kandy,5,4,University of Moratuwa,17.0,113162.57,Senior Polling Officer,Senior
Daniel Brown,2001-02-02,daniel.brown@yahoo.com,36,0,1,Jaffna,17,0,University of Jaffna,9.0,48259.64,Junior Polling Officer,Junior
Isabella Clark,1984-02-16,isabella.clark@gmail.com,24,0,2,Galle,26,0,University of Colombo,0.0,108176.43,Clerk,Clerk
John Nguyen,2002-06-16,john.nguyen@yahoo.com,23,2,1,Anuradhapura,5,0,University of Peradeniya,18.0,58477.31,Senior Polling Officer,Senior
Liam Hill,1975-11-15,liam.hill@gmail.com,49,2,1,Colombo,7,1,University of Moratuwa,6.0,48476.69,Senior Polling Officer,Senior
Aria Thompson,1979-02-08,aria.thompson@yahoo.com,20,0,2,Trincomalee,32,0,University of Moratuwa,15.0,26622.1,Junior Polling Officer,Junior
Lily Adams,1966-05-26,lily.adams@gmail.com,23,2,0,Negombo,28,3,University of Colombo,1.0,86660.03,Clerk,Clerk
Ava Taylor,1970-08-22,ava.taylor@gmail.com,27,3,2,Colombo,8,1,University of Jaffna,3.0,99948.02,Clerk,Clerk
Logan Walker,1973-05-28,logan.walker@example.com,20,2,2,Anuradhapura,9,2,University of Jaffna,6.0,102097.47,Senior Polling Officer,Senior
Noah White,1989-10-25,noah.white@example.com,48,0,1,Negombo,20,0,University of Colombo,20.0,61011.5,Junior Polling Officer,Junior
James Nguyen,1960-01-13,james.nguyen@outlook.com,38,3,1,Kandy,13,4,University of Peradeniya,6.0,91863.43,Senior Polling Officer,Senior
Carter Martinez,1989-04-21,carter.martinez@gmail.com,30,2,0,Anuradhapura,20,2,University of Colombo,3.0,70689.03,Senior Polling Officer,Senior
Mason Brown,1984-05-21,mason.brown@gmail.com,36,1,2,Anuradhapura,44,4,University of Moratuwa,6.0,29186.76,Clerk,Clerk
Samantha Martinez,2002-03-20,samantha.martinez@example.com,61,1,1,Anuradhapura,0,3,University of Colombo,13.0,96243.85,Clerk,Clerk
Mia Lee,1989-01-01,mia.lee@gmail.com,40,2,2,Negombo,41,1,University of Moratuwa,15.0,97569.55,Senior Polling Officer,Senior
Aiden Hernandez,1994-02-14,aiden.hernandez@gmail.com,40,1,1,Negombo,41,4,University of Colombo,19.0,104177.92,Clerk,Clerk
Abigail Hall,2000-04-08,abigail.hall@outlook.com,27,0,2,Colombo,32,2,University of Moratuwa,3.0,50528.16,Junior Polling Officer,Junior
Samantha Thompson,1976-06-02,samantha.thompson@example.com,29,3,1,Anuradhapura,23,3,University of Peradeniya,18.0,85317.56,Senior Polling Officer,Senior
Liam Martinez,1977-05-10,liam.martinez@yahoo.com,54,0,2,Galle,45,0,University of Moratuwa,17.0,88134.81,Junior Polling Officer,Junior
Zoe Sanchez,1973-05-16,zoe.sanchez@yahoo.com,21,2,1,Anuradhapura,37,2,University of Colombo,14.0,79258.86,Senior Polling Officer,Senior
Abigail Lopez,1956-07-27,abigail.lopez@gmail.com,20,3,1,Galle,5,1,University of Jaffna,18.0,43722.5,Senior Polling Officer,Senior
Carter Lopez,1993-05-04,carter.lopez@gmail.com,46,0,1,Negombo,49,0,University of Colombo,11.0,40137.92,Junior Polling Officer,Junior
Harper Baker,1954-05-25,harper.baker@example.com,49,2,0,Kandy,5,4,University of Moratuwa,10.0,102602.91,Senior Polling Officer,Senior
Amelia Lopez,1974-03-21,amelia.lopez@example.com,50,1,2,Galle,1,0,University of Peradeniya,13.0,94634.06,Clerk,Clerk
Ethan Williams,1998-12-06,ethan.williams@yahoo.com,29,0,2,Trincomalee,7,0,University of Jaffna,13.0,59668.77,Junior Polling Officer,Junior
James Green,1958-03-10,james.green@gmail.com,59,0,2,Negombo,4,1,University of Jaffna,1.0,116092.79,Clerk,Clerk
Mia Nelson,1978-10-23,mia.nelson@gmail.com,31,0,1,Trincomalee,49,1,University of Jaffna,6.0,44256.94,Junior Polling Officer,Junior
Michael Torres,1963-04-19,michael.torres@outlook.com,30,0,2,Galle,10,3,University of Jaffna,6.0,101157.3,Junior Polling Officer,Junior
Noah Bell,1966-09-27,noah.bell@gmail.com,26,2,0,Jaffna,25,2,University of Colombo,8.0,85521.33,Senior Polling Officer,Senior
David Thompson,1969-11-19,david.thompson@gmail.com,38,3,0,Jaffna,13,4,University of Jaffna,6.0,25525.34,Senior Polling Officer,Senior
Lucas Adams,1957-12-05,lucas.adams@gmail.com,59,2,2,Negombo,38,0,University of Colombo,15.0,79753.21,Senior Polling Officer,Senior
Mason White,1976-02-06,mason.white@example.com,34,0,1,Colombo,20,0,University of Moratuwa,16.0,103533.1,Junior Polling Officer,Junior
Scarlett Perez,1990-06-06,scarlett.perez@yahoo.com,44,3,2,Anuradhapura,34,0,University of Colombo,0.0,37536.28,Clerk,Clerk
Alexander Lewis,1988-09-16,alexander.lewis@yahoo.com,38,0,0,Negombo,27,2,University of Moratuwa,9.0,31473.87,Junior Polling Officer,Junior
Mason Flores,1989-09-20,mason.flores@outlook.com,63,2,1,Galle,33,0,University of Colombo,2.0,97339.59,Clerk,Clerk
Leo Hill,1986-06-17,leo.hill@gmail.com,42,3,2,Kandy,24,2,University of Jaffna,2.0,32284.53,Clerk,Clerk
Benjamin Harris,1976-02-03,benjamin.harris@outlook.com,37,3,2,Anuradhapura,42,0,University of Colombo,8.0,106666.38,Senior Polling Officer,Senior
Benjamin Jones,1966-10-18,benjamin.jones@example.com,61,2,2,Kandy,26,0,University of Colombo,1.0,34818.35,Clerk,Clerk
Chloe Sanchez,1973-07-22,chloe.sanchez@gmail.com,58,3,1,Negombo,24,2,University of Colombo,8.0,61039.84,Senior Polling Officer,Senior
William Gonzalez,1982-12-20,william.gonzalez@example.com,26,0,0,Kandy,25,2,University of Peradeniya,15.0,38193.0,Junior Polling Officer,Junior
Elijah Taylor,1995-11-19,elijah.taylor@yahoo.com,41,2,2,Kandy,9,1,University of Colombo,2.0,74284.71,Clerk,Clerk
Aria Lewis,1990-06-15,aria.lewis@gmail.com,42,2,1,Galle,2,2,University of Jaffna,1.0,73553.62,Clerk,Clerk
Amelia Perez,1990-03-14,amelia.perez@outlook.com,54,1,2,Negombo,24,1,University of Moratuwa,14.0,98891.03,Clerk,Clerk
Ava Lee,1965-12-27,ava.lee@example.com,41,1,0,Galle,23,2,University of Jaffna,9.0,54496.89,Clerk,Clerk
Emma Lee,1988-12-05,emma.lee@example.com,45,1,1,Galle,24,2,University of Moratuwa,18.0,40574.33,Clerk,Clerk
Logan Hill,1962-11-27,logan.hill@gmail.com,33,3,0,Galle,23,3,University of Moratuwa,6.0,80079.95,Senior Polling Officer,Senior
Oliver Flores,1960-09-22,oliver.flores@gmail.com,34,1,0,Jaffna,11,4,University of Moratuwa,1.0,65826.32,Clerk,Clerk
Oliver King,1968-08-20,oliver.king@outlook.com,62,3,0,Negombo,12,1,University of Jaffna,4.0,80442.2,Clerk,Clerk
Grace Allen,1995-04-24,grace.allen@example.com,41,1,0,Negombo,5,2,University of Jaffna,14.0,40508.48,Clerk,Clerk
Samantha Wright,1979-03-05,samantha.wright@gmail.com,52,1,1,Colombo,2,0,University of Peradeniya,13.0,29126.84,Clerk,Clerk
Madison Johnson,1968-05-22,madison.johnson@yahoo.com,22,3,0,Jaffna,30,1,University of Moratuwa,10.0,62316.6,Senior Polling Officer,Senior
Sofia Nelson,1994-02-13,sofia.nelson@example.com,48,0,1,Kandy,5,3,University of Peradeniya,20.0,35501.0,Junior Polling Officer,Junior
Isabella King,1998-12-14,isabella.king@outlook.com,59,3,2,Negombo,25,1,University of Peradeniya,5.0,37920.65,Senior Polling Officer,Senior
Jackson Sanchez,1992-09-09,jackson.sanchez@outlook.com,38,0,0,Colombo,4,1,University of Jaffna,5.0,77699.85,Junior Polling Officer,Junior
Ava Wright,1974-01-03,ava.wright@yahoo.com,55,2,2,Colombo,24,0,University of Jaffna,14.0,96199.67,Senior Polling Officer,Senior
Elijah Robinson,1986-11-26,elijah.robinson@gmail.com,21,1,1,Jaffna,4,0,University of Moratuwa,16.0,111694.32,Clerk,Clerk
Grace Rodriguez,1965-01-25,grace.rodriguez@yahoo.com,56,3,2,Kandy,26,4,University of Colombo,3.0,98157.15,Clerk,Clerk
Charlotte Allen,1996-09-14,charlotte.allen@yahoo.com,47,1,1,Trincomalee,24,0,University of Moratuwa,17.0,88981.79,Clerk,Clerk
Logan Nelson,1968-11-10,logan.nelson@example.com,45,0,2,Trincomalee,24,4,University of Jaffna,11.0,25870.77,Junior Polling Officer,Junior
Lily Hernandez,1968-06-04,lily.hernandez@outlook.com,46,3,1,Galle,18,0,University of Jaffna,6.0,70910.5,Senior Polling Officer,Senior
Ella Hill,1993-01-22,ella.hill@yahoo.com,53,0,0,Galle,38,1,University of Peradeniya,18.0,44882.48,Junior Polling Officer,Junior
Sofia Thomas,1976-07-26,sofia.thomas@yahoo.com,49,1,2,Colombo,33,1,University of Jaffna,4.0,30011.89,Clerk,Clerk
Liam Thompson,1977-05-20,liam.thompson@gmail.com,38,3,1,Kandy,25,1,University of Moratuwa,9.0,65024.21,Senior Polling Officer,Senior
James Nelson,1965-12-03,james.nelson@yahoo.com,40,1,2,Anuradhapura,3,4,University of Peradeniya,15.0,91386.94,Clerk,Clerk
Olivia Nelson,1988-04-28,olivia.nelson@gmail.com,50,0,0,Kandy,11,3,University of Jaffna,1.0,109492.92,Clerk,Clerk
Benjamin Torres,1953-12-09,benjamin.torres@outlook.com,56,1,0,Jaffna,35,1,University of Jaffna,8.0,44984.44,Clerk,Clerk
Leo Hernandez,1967-10-12,leo.hernandez@outlook.com,55,2,2,Trincomalee,2,3,University of Moratuwa,13.0,100855.86,Senior Polling Officer,Senior
Victoria Sanchez,1963-09-20,victoria.sanchez@outlook.com,31,3,1,Galle,29,2,University of Moratuwa,6.0,118320.53,Senior Polling Officer,Senior
Ryan Sanchez,1970-05-13,ryan.sanchez@gmail.com,38,0,0,Colombo,38,4,University of Moratuwa,12.0,29461.24,Junior Polling Officer,Junior
Abigail Martin,1994-10-20,abigail.martin@example.com,29,2,0,Jaffna,24,3,University of Moratuwa,0.0,74572.55,Clerk,Clerk
Aiden Baker,1998-05-01,aiden.baker@outlook.com,53,2,2,Kandy,34,0,University of Moratuwa,17.0,87229.83,Senior Polling Officer,Senior
Lucas Robinson,1974-10-13,lucas.robinson@example.com,60,1,2,Galle,5,4,University of Moratuwa,4.0,51606.98,Clerk,Clerk
Henry Martinez,1987-01-20,henry.martinez@yahoo.com,44,1,1,Trincomalee,21,3,University of Moratuwa,4.0,31758.83,Clerk,Clerk
Benjamin White,1975-02-13,benjamin.white@outlook.com,30,3,0,Kandy,25,4,University of Jaffna,20.0,27221.81,Senior Polling Officer,Senior
Mia Moore,1984-09-06,mia.moore@yahoo.com,62,0,0,Negombo,29,1,University of Moratuwa,9.0,117620.25,Junior Polling Officer,Junior
Olivia Brown,1999-12-02,olivia.brown@gmail.com,38,1,2,Anuradhapura,37,3,University of Moratuwa,13.0,61305.39,Clerk,Clerk
Aiden Torres,1968-08-27,aiden.torres@yahoo.com,26,2,0,Anuradhapura,22,0,University of Colombo,5.0,118015.64,Senior Polling Officer,Senior
Jackson Miller,1961-08-10,jackson.miller@yahoo.com,48,2,0,Jaffna,14,3,University of Colombo,19.0,49341.3,Senior Polling Officer,Senior
Scarlett Moore,1976-09-13,scarlett.moore@outlook.com,41,1,0,Trincomalee,41,0,University of Colombo,5.0,33607.01,Clerk,Clerk
Emma Davis,1959-09-04,emma.davis@yahoo.com,43,3,0,Galle,21,3,University of Jaffna,13.0,62015.36,Senior Polling Officer,Senior
Samantha Miller,1966-06-22,samantha.miller@outlook.com,54,2,0,Galle,13,2,University of Jaffna,16.0,113809.8,Senior Polling Officer,Senior
Michael Flores,1968-04-17,michael.flores@example.com,64,1,1,Galle,49,4,University of Peradeniya,14.0,82743.61,Clerk,Clerk
Emma Garcia,1997-01-13,emma.garcia@example.com,56,3,1,Galle,39,4,University of Jaffna,17.0,54140.86,Senior Polling Officer,Senior
Amelia Wilson,1995-07-03,amelia.wilson@yahoo.com,29,0,0,Colombo,15,0,University of Jaffna,15.0,43134.11,Junior Polling Officer,Junior
Jackson Walker,1964-07-01,jackson.walker@example.com,57,3,1,Negombo,3,0,University of Moratuwa,11.0,115921.72,Senior Polling Officer,Senior
Abigail Hall,1987-01-09,abigail.hall@example.com,30,0,2,Anuradhapura,7,0,University of Peradeniya,13.0,85191.87,Junior Polling Officer,Junior
Olivia Anderson,1978-07-11,olivia.anderson@outlook.com,23,1,1,Jaffna,21,3,University of Moratuwa,8.0,59629.79,Clerk,Clerk
Benjamin Flores,1984-01-03,benjamin.flores@yahoo.com,31,1,0,Negombo,19,2,University of Peradeniya,13.0,98232.26,Clerk,Clerk
Daniel Wright,1970-03-05,daniel.wright@gmail.com,50,2,2,Jaffna,1,3,University of Jaffna,9.0,90244.98,Senior Polling Officer,Senior
Chloe Thompson,1951-05-27,chloe.thompson@outlook.com,55,0,0,Trincomalee,32,1,University of Jaffna,8.0,91136.48,Junior Polling Officer,Junior
Lucas Harris,1978-02-28,lucas.harris@outlook.com,59,1,2,Kandy,12,1,University of Peradeniya,19.0,38219.8,Clerk,Clerk
Oliver Gonzalez,1959-02-12,oliver.gonzalez@yahoo.com,28,0,0,Anuradhapura,31,4,University of Moratuwa,11.0,51791.57,Junior Polling Officer,Junior
Sofia Wright,1983-07-11,sofia.wright@gmail.com,22,2,0,Colombo,15,0,University of Moratuwa,3.0,93146.52,Senior Polling Officer,Senior
Ryan Young,2003-09-03,ryan.young@yahoo.com,31,3,0,Negombo,39,4,University of Peradeniya,8.0,100163.98,Senior Polling Officer,Senior
William White,2003-12-21,william.white@yahoo.com,53,2,1,Kandy,40,1,University of Jaffna,18.0,83929.04,Senior Polling Officer,Senior
Elijah Hall,1985-12-28,elijah.hall@outlook.com,38,3,1,Anuradhapura,3,4,University of Peradeniya,18.0,84300.67,Senior Polling Officer,Senior
Mason Thompson,1996-06-26,mason.thompson@example.com,52,0,0,Jaffna,41,2,University of Moratuwa,20.0,67150.75,Junior Polling Officer,Junior
Carter Hernandez,1984-07-03,carter.hernandez@example.com,46,2,1,Anuradhapura,26,3,University of Jaffna,1.0,56953.87,Clerk,Clerk
James Sanchez,1961-02-19,james.sanchez@example.com,39,0,1,Colombo,12,3,University of Jaffna,15.0,66388.37,Junior Polling Officer,Junior
Mason Jackson,1991-12-28,mason.jackson@yahoo.com,27,2,2,Jaffna,16,1,University of Moratuwa,4.0,70176.83,Senior Polling Officer,Senior
Zoe Lopez,1979-09-25,zoe.lopez@gmail.com,31,3,0,Anuradhapura,29,2,University of Jaffna,3.0,112932.55,Clerk,Clerk
Liam Walker,1990-09-16,liam.walker@yahoo.com,42,0,0,Negombo,38,4,University of Moratuwa,8.0,29585.11,Junior Polling Officer,Junior
Amelia Johnson,1985-07-21,amelia.johnson@outlook.com,30,0,2,Colombo,19,3,University of Peradeniya,7.0,52649.48,Junior Polling Officer,Junior
Ethan Rodriguez,1997-04-23,ethan.rodriguez@yahoo.com,65,0,0,Galle,20,2,University of Jaffna,4.0,34790.96,Junior Polling Officer,Junior
Abigail Harris,2001-02-16,abigail.harris@gmail.com,58,2,1,Anuradhapura,35,0,University of Colombo,9.0,25858.45,Senior Polling Officer,Senior
Ryan Martinez,1998-11-21,ryan.martinez@gmail.com,29,3,2,Negombo,12,1,University of Moratuwa,10.0,31963.91,Senior Polling Officer,Senior
Jackson Flores,2003-11-09,jackson.flores@gmail.com,64,2,0,Anuradhapura,19,2,University of Moratuwa,17.0,106557.55,Senior Polling Officer,Senior
Isabella Gonzalez,1959-05-14,isabella.gonzalez@outlook.com,45,0,1,Colombo,18,2,University of Moratuwa,2.0,118047.44,Junior Polling Officer,Junior
Elijah Lee,1974-04-25,elijah.lee@outlook.com,36,0,1,Jaffna,49,3,University of Moratuwa,0.0,90762.26,Clerk,Junior
Liam Rivera,1961-05-19,liam.rivera@example.com,23,0,0,Anuradhapura,16,4,University of Jaffna,5.0,73039.16,Junior Polling Officer,Junior
Abigail Robinson,1992-12-23,abigail.robinson@outlook.com,23,0,0,Galle,41,4,University of Jaffna,6.0,76719.9,Junior Polling Officer,Junior
Logan King,1955-10-09,logan.king@example.com,50,2,1,Jaffna,32,2,University of Peradeniya,2.0,43484.1,Clerk,Clerk
Carter Davis,1958-06-22,carter.davis@example.com,60,0,1,Anuradhapura,11,4,University of Colombo,8.0,48727.09,Junior Polling Officer,Junior
Sophia Hall,1983-01-16,sophia.hall@outlook.com,59,1,1,Anuradhapura,34,2,University of Colombo,6.0,95297.33,Clerk,Clerk
Samantha Adams,1995-06-22,samantha.adams@outlook.com,26,2,2,Galle,31,3,University of Colombo,3.0,33041.62,Senior Polling Officer,Senior
Elijah Ramirez,1984-08-02,elijah.ramirez@yahoo.com,44,2,0,Galle,37,4,University of Peradeniya,14.0,99667.45,Senior Polling Officer,Senior
Chloe Martin,1980-02-02,chloe.martin@gmail.com,53,1,1,Trincomalee,8,0,University of Moratuwa,3.0,68787.42,Clerk,Clerk
Alexander Gonzalez,1971-10-21,alexander.gonzalez@yahoo.com,58,2,0,Colombo,41,0,University of Moratuwa,10.0,94817.16,Senior Polling Officer,Senior
Mason Rodriguez,1951-01-15,mason.rodriguez@gmail.com,28,0,0,Trincomalee,14,1,University of Jaffna,7.0,69993.43,Junior Polling Officer,Junior
Samantha Lee,1976-10-19,samantha.lee@example.com,30,2,0,Trincomalee,43,2,University of Colombo,6.0,29300.5,Senior Polling Officer,Senior
Harper Hall,1981-07-19,harper.hall@gmail.com,37,1,1,Jaffna,14,2,University of Colombo,2.0,52545.77,Clerk,Clerk
Henry Allen,1980-06-09,henry.allen@example.com,55,1,2,Anuradhapura,3,4,University of Peradeniya,16.0,69726.48,Clerk,Clerk
John Thomas,1962-07-26,john.thomas@gmail.com,22,3,1,Anuradhapura,25,1,University of Peradeniya,16.0,94195.38,Senior Polling Officer,Senior
Ryan Thomas,1961-11-02,ryan.thomas@outlook.com,25,0,2,Kandy,41,4,University of Peradeniya,18.0,100194.82,Junior Polling Officer,Junior
Victoria Harris,1961-05-23,victoria.harris@yahoo.com,27,3,0,Negombo,9,4,University of Moratuwa,4.0,67671.17,Clerk,Clerk
