Full Name,DOB,Email,Age,Education Level,Gender,Current City,Province,District,Polling Division,Polling Station,Current Position of the Job,Name of the Institute,Experience,Current Salary,Position Type,FamName,FamPollingStation
Jessica Bell,2020-03-22,karen49@example.org,63,High School Diploma,Female,New Biancaside,Western,Zacharyside,6,31,Administrative Officer,Greer-Smith,10 years,Rs77418.00,Senior Polling Officer,Krueger,Fds
Keith Greene,1992-08-29,brian36@example.com,57,High School Diploma,Male,South Joseph,Western,Mcphersonstad,7,73,Principal,Johnson Ltd,7 years,Rs86981.00,Senior Polling Officer,Estes,Fds
Diane Mckee,1929-08-23,evansjohn@example.org,38,Bachelor's Degree,Female,Coleport,Anuradhapura,South Katherine,7,58,Administrative Officer,Robles-Ayala,20 years,Rs27867.00,Senior Polling Officer,Watkins,A - Colombo North
Valerie Noble,1954-04-15,jessicawagner@example.net,40,Bachelor's Degree,Female,Chadview,Uva,New Rebeccabury,3,21,Clerk,Dean-Navarro,2 years,Rs69985.00,Clerk,King,A - Colombo North
Shawn Mcguire,1924-12-10,jchandler@example.org,40,AL,Male,Courtneyfort,Central,Jamietown,5,45,Teacher,Peck Inc,16 years,Rs30201.00,Junior Polling Officer,Perez,A - Colombo North
Shannon Porter,1936-06-18,abridges@example.net,53,AL,Female,Ramirezfurt,Central,Fergusonmouth,5,10,Librarian,"Gross, Collins and Crawford",17 years,Rs99672.00,Clerk,Lam,Fds
Rebecca Johnson,1952-04-28,kevinjimenez@example.com,32,High School Diploma,Male,Tracyview,North Western,South Johnside,6,71,Librarian,Morgan-Tapia,8 years,Rs40007.00,Clerk,Houston,A - Colombo North
Alexandra Berg,1972-02-21,briannagardner@example.com,59,Bachelor's Degree,Male,Lake Heatherbury,Anuradhapura,Clarkburgh,8,6,Clerk,"Abbott, Hicks and Clark",2 years,Rs54111.00,Clerk,Phillips,A - Colombo North
Tony Jackson,1972-05-15,luisbradley@example.net,59,Bachelor's Degree,Female,South Amanda,Western,Michelleshire,2,35,Development Officer,Taylor LLC,5 years,Rs30588.00,Junior Polling Officer,Flores,A - Colombo North
Michael Thompson,1924-04-20,tschultz@example.net,63,High School Diploma,Female,Olsonfort,North Western,Mezaton,9,71,Teacher,Williams Ltd,15 years,Rs87037.00,Junior Polling Officer,Mendoza,A - Colombo North
Andrew Meyers,2013-09-30,amanda88@example.com,47,High School Diploma,Female,Bryanmouth,Central,West Todd,10,78,Principal,Green-Moss,7 years,Rs78241.00,Senior Polling Officer,Clark,Fds
Jill Oliver,1924-03-04,bcurtis@example.net,32,High School Diploma,Female,Daniellebury,Central,Smithmouth,5,29,Librarian,Jimenez PLC,14 years,Rs85996.00,Clerk,Thornton,Fds
Duane Patel,1964-09-08,nancy09@example.com,26,Bachelor's Degree,Female,West Thomasberg,Uva,Natalieview,3,32,Development Officer,Ross-Robinson,9 years,Rs95992.00,Junior Polling Officer,Wilson,A - Colombo North
Kenneth Reeves,1935-08-27,jessica98@example.org,47,AL,Female,Lake Angelaborough,Central,Callahanport,7,45,Development Officer,Stevens-Perkins,20 years,Rs45265.00,Junior Polling Officer,Parker,A - Colombo North
Tammy Barnett,1933-06-22,youngmaria@example.com,47,AL,Male,Duncanfurt,North Western,Lake Robert,9,45,Librarian,Rosales Group,15 years,Rs99996.00,Clerk,Jefferson,A - Colombo North
Kimberly Parker,1927-03-11,parkeramanda@example.net,25,AL,Female,Crosbyberg,Anuradhapura,Barbaratown,2,78,Administrative Officer,"Scott, Thompson and Murphy",14 years,Rs75170.00,Senior Polling Officer,Jackson,A - Colombo North
Richard Walker,1931-04-19,denisewebb@example.com,61,High School Diploma,Male,Lake Katrina,Anuradhapura,Mitchellberg,6,100,Librarian,Smith PLC,1 years,Rs60780.00,Clerk,Wu,A - Colombo North
Erica Stone,2004-11-14,jacqueline66@example.net,39,High School Diploma,Female,East Stacy,North Western,Lake Franciscofort,9,33,Principal,Mcdonald-Webb,3 years,Rs77838.00,Senior Polling Officer,Franklin,A - Colombo North
Sheila Hall,1995-12-25,williamcox@example.net,33,High School Diploma,Male,Hernandezmouth,Anuradhapura,Dixonbury,2,62,Development Officer,Jenkins LLC,18 years,Rs34325.00,Junior Polling Officer,Lee,A - Colombo North
Juan Owens,1976-03-06,porterkyle@example.org,37,AL,Female,Lopeztown,North Western,Williamstad,8,76,Administrative Officer,Perez Ltd,6 years,Rs79984.00,Senior Polling Officer,Johnson,A - Colombo North
Timothy Thomas,1931-10-30,henry56@example.net,49,High School Diploma,Female,Port Jeremy,Anuradhapura,Port Ronaldtown,3,40,Administrative Officer,"Miles, Young and Collins",3 years,Rs44334.00,Senior Polling Officer,Hutchinson,A - Colombo North
Courtney Aguilar,1997-12-11,marymayer@example.org,28,AL,Male,Brandonborough,Central,East Tanyabury,10,55,Teacher,Pope-Martinez,9 years,Rs90282.00,Junior Polling Officer,Morris,Fds
Steven Watson,1965-11-09,forbescheyenne@example.org,27,Bachelor's Degree,Female,Christianview,North Western,Murphybury,10,84,Development Officer,"Walker, Walker and Welch",20 years,Rs95769.00,Junior Polling Officer,Jones,Fds
Cody Chase,1962-09-15,grayjessica@example.com,39,High School Diploma,Male,Port Samuel,Western,Frazierbury,9,91,Clerk,Neal Group,11 years,Rs52959.00,Clerk,Anderson,A - Colombo North
Dennis Wilson,1978-01-12,sperez@example.net,54,High School Diploma,Male,Whitemouth,Western,New Michelle,2,13,Principal,Brown-Hart,16 years,Rs59833.00,Senior Polling Officer,Ryan,A - Colombo North
Shelby Murphy,1924-04-29,joshuamiller@example.com,59,High School Diploma,Female,Petersview,Uva,East Christianton,9,18,Librarian,"Mercado, Perez and Smith",9 years,Rs66509.00,Clerk,Moran,A - Colombo North
Tyler Reyes,1934-04-06,katherine74@example.org,64,AL,Male,Kathrynmouth,Uva,Michaelfurt,7,90,Administrative Officer,"Jones, Taylor and Turner",8 years,Rs42898.00,Senior Polling Officer,Humphrey,Fds
Melissa Thomas,1995-05-28,acraig@example.net,32,Bachelor's Degree,Male,North Amandatown,Uva,South Williamhaven,10,41,Teacher,"Simmons, Rodriguez and Lawson",7 years,Rs32545.00,Junior Polling Officer,Stevenson,A - Colombo North
Amanda Osborne,1931-09-11,gbuchanan@example.org,65,Bachelor's Degree,Female,Lake Patricialand,Central,Garciafurt,3,20,Administrative Officer,"Davis, Porter and Mendoza",7 years,Rs21740.00,Senior Polling Officer,Travis,A - Colombo North
Tiffany Mosley,2005-08-03,montgomerylinda@example.com,39,AL,Male,Brianstad,Uva,North Christopher,2,54,Librarian,Shaw-Ball,7 years,Rs37228.00,Clerk,Hernandez,A - Colombo North
Bryan Mckinney,1908-07-11,andersonsherri@example.com,51,AL,Female,North Robert,Western,Kimberlyshire,10,64,Development Officer,"Rodriguez, Benson and Beard",1 years,Rs54294.00,Junior Polling Officer,Smith,A - Colombo North
Derrick Lopez,1962-11-18,campbellerin@example.net,27,Bachelor's Degree,Female,Hallfurt,Anuradhapura,Gregoryton,5,63,Administrative Officer,Campbell Group,18 years,Rs96153.00,Senior Polling Officer,Bradley,Fds
Leslie Perry,1999-11-23,karadavis@example.com,37,High School Diploma,Female,East Calvinstad,Anuradhapura,South Julieburgh,2,56,Principal,Mason-Jackson,16 years,Rs53074.00,Senior Polling Officer,Robles,Fds
Deanna Hamilton,1916-02-20,david65@example.net,45,High School Diploma,Male,North Renee,Anuradhapura,Danielleshire,5,11,Teacher,Snyder-Wright,18 years,Rs20050.00,Junior Polling Officer,Lawson,A - Colombo North
Olivia Moore,1991-12-09,brownjohn@example.net,59,Bachelor's Degree,Male,South Gerald,North Western,Garrettfurt,3,2,Librarian,Robertson-Mcguire,9 years,Rs48611.00,Clerk,Nunez,Fds
Keith Miller,1959-11-05,daniellejohnston@example.org,62,High School Diploma,Female,Shafferhaven,Anuradhapura,New Stephanieton,5,74,Principal,Martin-Wu,11 years,Rs27162.00,Senior Polling Officer,Vance,Fds
Joanna Thomas,2006-12-17,josephlittle@example.org,62,High School Diploma,Male,Thomasshire,Western,Theodoreton,4,7,Librarian,Moore-Dixon,6 years,Rs98977.00,Clerk,Gilmore,A - Colombo North
Aaron Olson,2019-12-26,robert55@example.org,44,Bachelor's Degree,Female,East Betty,Anuradhapura,Scottside,1,75,Principal,"Hays, Scott and Mcdonald",5 years,Rs23866.00,Senior Polling Officer,Maldonado,A - Colombo North
Tyler Jones,2021-10-28,ruthward@example.net,62,High School Diploma,Male,Jeffreyfurt,Central,West Curtis,4,90,Administrative Officer,"King, Kramer and Mcmillan",17 years,Rs92585.00,Senior Polling Officer,Walker,A - Colombo North
Kristin Ball,1978-03-15,bnewton@example.net,29,AL,Male,North Paulamouth,Western,Christopherfort,7,30,Principal,Knight-Warren,12 years,Rs99372.00,Senior Polling Officer,Clarke,A - Colombo North
Cody Chang,1966-03-17,jchandler@example.org,54,AL,Male,North Richardstad,Anuradhapura,South Miranda,5,41,Librarian,"Norton, Hess and Williams",15 years,Rs46510.00,Clerk,Garrett,Fds
Monique Henry,1910-04-23,chanapril@example.com,59,High School Diploma,Male,Trevorton,Central,New Jamesfurt,2,50,Administrative Officer,Phelps-Petersen,15 years,Rs26195.00,Senior Polling Officer,Robinson,A - Colombo North
Laura Johnson,2000-06-28,david37@example.org,35,High School Diploma,Male,New Ashleyton,North Western,Nicholasview,8,92,Teacher,Sanchez and Sons,16 years,Rs70342.00,Junior Polling Officer,Williams,A - Colombo North
Carolyn King,1985-11-22,andrewselizabeth@example.net,54,Bachelor's Degree,Female,Kingfort,Uva,Colemanburgh,2,40,Administrative Officer,Shaw Group,3 years,Rs94037.00,Senior Polling Officer,Benjamin,Fds
Andrew Curtis,1992-08-18,turnerelizabeth@example.net,26,AL,Male,Kimberlyfort,Western,Curtisview,2,86,Principal,Bright-Faulkner,10 years,Rs76388.00,Senior Polling Officer,Choi,A - Colombo North
Mr. Ronald Chavez Jr.,1915-09-07,ryan52@example.org,62,Bachelor's Degree,Female,Lake Phillip,Western,Philipville,8,57,Clerk,Nguyen Inc,6 years,Rs40596.00,Clerk,Campbell,Fds
Steven Hale,1944-02-22,tkelly@example.com,43,Bachelor's Degree,Male,Brianshire,Uva,East Sandrastad,5,1,Clerk,Walters LLC,16 years,Rs49757.00,Clerk,Rice,Fds
Sheila Campbell,1965-12-08,pduffy@example.com,37,Bachelor's Degree,Female,Lake Andrew,Anuradhapura,Richardland,9,88,Principal,"Smith, Brady and Olson",13 years,Rs86662.00,Senior Polling Officer,Stone,A - Colombo North
Priscilla Valenzuela,2021-01-17,shorn@example.org,39,AL,Female,South Brianna,Central,Turnerstad,3,3,Clerk,Juarez-Miller,20 years,Rs47137.00,Clerk,Carlson,A - Colombo North
Emma Gordon,1937-09-21,sandovalrobert@example.net,52,High School Diploma,Female,Port Johnland,Western,Raymondtown,4,55,Principal,Baxter-Mueller,12 years,Rs69375.00,Senior Polling Officer,Patterson,A - Colombo North
Jonathan Warner,2017-05-04,thomasmckee@example.org,34,AL,Male,South Benjamin,Central,East Keith,10,50,Development Officer,Anderson PLC,11 years,Rs96313.00,Junior Polling Officer,Mcgee,A - Colombo North
David Jensen,1915-06-01,russellteresa@example.org,64,AL,Male,New Deborah,North Western,Lisaburgh,8,2,Principal,"Gilmore, Anderson and Walker",2 years,Rs51908.00,Senior Polling Officer,Perry,A - Colombo North
Cynthia Dominguez,1971-07-08,jesse24@example.com,36,High School Diploma,Female,West Kevinside,Central,Lindsayfurt,5,25,Teacher,Clements PLC,5 years,Rs59718.00,Junior Polling Officer,Young,A - Colombo North
Michael Thompson,1922-02-19,jasonsimmons@example.com,38,AL,Male,South Katrina,North Western,Robertville,7,42,Principal,"Hahn, Sullivan and Smith",17 years,Rs68800.00,Senior Polling Officer,Gilbert,Fds
David Jones,1922-01-07,samueladams@example.com,41,High School Diploma,Male,Lake Robin,Uva,New Cheryl,4,83,Teacher,Johnson-Garcia,18 years,Rs90986.00,Junior Polling Officer,Bridges,Fds
David Zuniga,1979-11-16,pollardjill@example.org,47,High School Diploma,Male,Owenchester,Central,West Victoriaville,2,7,Librarian,"Logan, Brown and Jackson",15 years,Rs31025.00,Clerk,Riley,A - Colombo North
John Jensen,1991-01-12,tarakelly@example.net,34,Bachelor's Degree,Male,Colemanstad,Central,South Jeremybury,5,88,Librarian,"Crawford, Jefferson and Park",7 years,Rs58623.00,Clerk,Gaines,Fds
Deborah Bradford,1993-04-16,cardenaschristopher@example.org,27,AL,Male,East Craig,Central,South Eric,7,83,Teacher,Mata-Palmer,15 years,Rs85315.00,Junior Polling Officer,Mcknight,A - Colombo North
Miguel Simmons,1915-01-02,ryoung@example.com,40,High School Diploma,Female,Kelleyborough,North Western,Janiceburgh,4,48,Principal,Harris-Potter,14 years,Rs66949.00,Senior Polling Officer,Smith,A - Colombo North
Kristy Moss,1997-12-29,bwilliams@example.org,32,High School Diploma,Female,North Timothy,Anuradhapura,Mirandatown,4,4,Administrative Officer,Mack-Jackson,8 years,Rs85902.00,Senior Polling Officer,Everett,A - Colombo North
Jade Cisneros,2008-06-08,morgan59@example.org,59,High School Diploma,Male,Lake Elizabethside,Central,Watsonport,1,39,Clerk,Odonnell PLC,16 years,Rs58766.00,Clerk,Kelley,A - Colombo North
Michael Ramos,1986-05-26,stacycrosby@example.net,45,Bachelor's Degree,Female,Bryanside,Central,North Stephenberg,6,78,Principal,Smith PLC,15 years,Rs92596.00,Senior Polling Officer,Whitney,A - Colombo North
Alexa Morris,1954-04-04,mary64@example.com,62,AL,Female,Mooreton,Anuradhapura,Paulstad,8,51,Teacher,Hernandez-Wells,9 years,Rs32482.00,Junior Polling Officer,Powell,A - Colombo North
Nicole Byrd,1926-07-05,jamesvasquez@example.net,55,Bachelor's Degree,Male,Harveyland,North Western,Lutzhaven,6,77,Development Officer,Baker and Sons,1 years,Rs23131.00,Junior Polling Officer,Davis,Fds
Amy Mcpherson,2004-02-22,mgardner@example.net,35,Bachelor's Degree,Female,East Michelleport,Central,New James,9,17,Librarian,Martinez-Meyer,10 years,Rs93277.00,Clerk,Patterson,Fds
Jeffrey Mejia,1936-11-10,lwebb@example.org,47,Bachelor's Degree,Female,Leview,North Western,Heathberg,7,47,Principal,Thornton-Webb,19 years,Rs43337.00,Senior Polling Officer,White,A - Colombo North
Kimberly Neal,1984-07-04,matthew01@example.org,48,AL,Male,Robinsonside,North Western,Susanfort,10,49,Development Officer,"Smith, Bryan and Callahan",9 years,Rs83500.00,Junior Polling Officer,Holt,A - Colombo North
Kelly Oconnell,1974-12-16,vaughanronnie@example.com,48,High School Diploma,Male,West Danielview,Central,Lake Laurie,8,47,Clerk,Flowers PLC,12 years,Rs23590.00,Clerk,Soto,A - Colombo North
Kristie Ortiz,2006-11-02,david08@example.com,25,AL,Female,East Hannahshire,Uva,Dodsonburgh,7,71,Librarian,"Jones, Farley and Ford",13 years,Rs45383.00,Clerk,Holden,A - Colombo North
Michael Brewer,1945-09-09,markadams@example.com,50,AL,Female,Mendozaberg,Uva,East Andrewstad,9,53,Teacher,"Hart, Davis and Lopez",5 years,Rs52944.00,Junior Polling Officer,Cohen,A - Colombo North
Shawn Campbell,1989-08-15,omoore@example.com,41,High School Diploma,Female,Larryshire,Anuradhapura,North Ashley,9,69,Administrative Officer,Taylor-Larson,11 years,Rs69172.00,Senior Polling Officer,Mitchell,Fds
Joan Jensen,1972-02-24,fowlergina@example.org,58,AL,Male,Taylormouth,Western,Port Ashleyside,1,25,Development Officer,Brooks Ltd,12 years,Rs75681.00,Junior Polling Officer,Watson,Fds
Gina Moore,1915-07-17,dakota15@example.net,47,Bachelor's Degree,Female,Turnerstad,Uva,East Rachel,2,96,Teacher,Ellis Inc,8 years,Rs58210.00,Junior Polling Officer,Green,A - Colombo North
Austin Jennings,1925-07-02,robert31@example.org,29,High School Diploma,Male,Maryville,Uva,Samuelborough,5,95,Clerk,"Hernandez, Walker and Christensen",5 years,Rs47665.00,Junior Polling Officer,Perez,A - Colombo North
Danielle Martinez,1908-10-28,erin75@example.com,48,High School Diploma,Male,Lake Joannview,Anuradhapura,East Michelle,10,47,Teacher,Banks-Taylor,17 years,Rs30729.00,Junior Polling Officer,Anderson,A - Colombo North
Wendy Pena,1975-08-30,johnny85@example.org,26,AL,Male,Walkerchester,Central,East Josechester,7,21,Development Officer,Johnston Inc,6 years,Rs57743.00,Junior Polling Officer,Diaz,A - Colombo North
Patrick Moore,1999-07-01,jonathan46@example.net,34,AL,Male,Port Amandaberg,Central,Christiehaven,10,34,Development Officer,Buchanan and Sons,19 years,Rs56444.00,Junior Polling Officer,Joseph,Fds
Mark Moore,1971-03-31,toddbecker@example.org,33,AL,Female,Jenniferburgh,North Western,South Madison,2,53,Teacher,"Gallagher, Phillips and Jordan",15 years,Rs82750.00,Junior Polling Officer,Leon,A - Colombo North
Erin Gardner,1969-03-03,logan07@example.org,26,AL,Male,North Deanmouth,Western,Silvaport,8,30,Development Officer,Long-Gonzales,6 years,Rs55239.00,Junior Polling Officer,Johnson,Fds
Steven Parker,1925-09-04,qrobertson@example.org,61,High School Diploma,Female,South Michael,Western,Lake Brandibury,4,77,Principal,"Woodard, Mahoney and Ward",3 years,Rs73248.00,Senior Polling Officer,Curtis,A - Colombo North
Michael Hester,1971-01-02,francisco45@example.org,53,High School Diploma,Male,Brendahaven,Anuradhapura,Lake Wendy,6,22,Clerk,Compton PLC,11 years,Rs88434.00,Clerk,Howell,Fds
Tammy Harris,2022-12-10,dquinn@example.net,30,AL,Male,West Lindseymouth,Western,Burtonmouth,1,93,Administrative Officer,Bernard-Wheeler,1 years,Rs98459.00,Senior Polling Officer,Williams,Fds
Taylor Steele,1939-05-15,singletonjoshua@example.com,34,AL,Female,Port Anthony,Central,Port Amytown,8,5,Librarian,"Watts, Wagner and Waters",3 years,Rs59687.00,Clerk,Hester,A - Colombo North
Holly Jones,1959-08-23,robertscott@example.net,33,AL,Male,Mendozaport,North Western,Jefferyside,9,6,Administrative Officer,Livingston LLC,6 years,Rs61407.00,Senior Polling Officer,Medina,A - Colombo North
Barbara Fletcher,1974-10-30,bennettmelissa@example.net,63,Bachelor's Degree,Male,South Heatherburgh,North Western,East Mary,8,74,Development Officer,Duffy-Davis,12 years,Rs70410.00,Junior Polling Officer,Perez,Fds
Michael Mclaughlin,1961-12-18,churley@example.net,63,AL,Female,South John,Anuradhapura,West Shawn,1,84,Librarian,Webster Group,1 years,Rs40406.00,Clerk,Sims,Fds
Steven Grimes,1964-11-26,mmiller@example.org,63,AL,Female,Lake Anthonyburgh,Central,Batesborough,6,54,Clerk,Anderson PLC,15 years,Rs35632.00,Clerk,Collins,A - Colombo North
Jacqueline Watson,2018-07-27,cynthiadavis@example.net,44,AL,Female,Lopezton,North Western,Jacobchester,5,38,Teacher,"Payne, Solis and Garcia",1 years,Rs97301.00,Junior Polling Officer,Harvey,A - Colombo North
Kevin Chavez,1989-03-09,rallen@example.com,31,Bachelor's Degree,Female,West Dylanland,Central,Coxfort,2,20,Teacher,Hall Group,19 years,Rs50164.00,Junior Polling Officer,Martinez,Fds
Robyn Reed,1992-04-13,nwalker@example.com,42,High School Diploma,Male,Amandashire,Uva,Eugeneshire,7,73,Clerk,Gross and Sons,4 years,Rs84397.00,Clerk,Brown,Fds
Nicholas Martinez,2001-10-03,cjohnson@example.com,52,High School Diploma,Male,Austinstad,North Western,South Noah,9,27,Teacher,Riley-Page,11 years,Rs73795.00,Junior Polling Officer,Gonzalez,Fds
Rebecca May,1961-06-25,anthonyford@example.org,53,High School Diploma,Female,Lake Brittney,Anuradhapura,Yatesfurt,10,18,Development Officer,"Robertson, Weaver and Jones",14 years,Rs75462.00,Junior Polling Officer,Martinez,Fds
Mary Ware,1959-05-03,yolson@example.net,34,High School Diploma,Female,Alanchester,Western,Port Patricia,1,54,Development Officer,Jones and Sons,15 years,Rs59255.00,Junior Polling Officer,Reynolds,Fds
Mikayla Davis,1980-12-16,meltonkelly@example.net,54,High School Diploma,Male,Wintersfurt,Anuradhapura,Brownchester,4,22,Teacher,Anderson-Johnson,1 years,Rs37634.00,Junior Polling Officer,Daniels,A - Colombo North
Colleen Hernandez,1991-10-16,johnpayne@example.org,28,High School Diploma,Male,Port Ruth,Anuradhapura,Lake Donald,5,65,Development Officer,Washington Group,7 years,Rs56492.00,Junior Polling Officer,Barnes,A - Colombo North
David Gomez,1955-06-27,graykatherine@example.com,50,Bachelor's Degree,Female,East Patricia,North Western,Michaelshire,1,15,Administrative Officer,"Snyder, Reyes and Butler",17 years,Rs72331.00,Senior Polling Officer,Pearson,Fds
Jeanne Gardner,2010-06-06,mark67@example.org,32,High School Diploma,Male,New Prestonville,Central,Whitechester,3,87,Clerk,"Lowe, Perez and Jackson",3 years,Rs54938.00,Clerk,Davis,Fds
Yvonne Wood,1967-08-09,nolankathy@example.org,42,Bachelor's Degree,Female,New Christophertown,North Western,Port Douglaston,10,52,Administrative Officer,Wilson Inc,17 years,Rs88406.00,Senior Polling Officer,Reyes,Fds
Andrea Olson,1918-04-17,max83@example.net,26,Bachelor's Degree,Male,South Jenniferville,Western,Kathleenton,3,32,Clerk,Middleton-Forbes,5 years,Rs98252.00,Clerk,Watson,A - Colombo North
Steven Singh,2023-05-05,ydavis@example.net,51,Bachelor's Degree,Male,Port Timothyville,North Western,South Johnny,6,25,Administrative Officer,"Rasmussen, Smith and Hall",3 years,Rs34287.00,Senior Polling Officer,Wiley,Fds