Full Name,DOB,Email,Age,Education Level,Gender,Current City,Polling Station,Current Position of the Job,Name of the Institute,Experience,Current Salary,Position Type
Michael Nguyen,1955-10-11,michael.nguyen@example.com,61,Master's Degree,Other,Galle,Station 5,Marketing Manager,University of Peradeniya,20 years,"$115,428.2",Senior Polling Officer
Madison Robinson,1959-01-11,madison.robinson@outlook.com,48,Bachelor's Degree,Male,Trincomalee,Station 31,Accountant,University of Jaffna,0 years,"$60,239.8",Clerk
Madison Young,1971-10-24,madison.young@example.com,39,Bachelor's Degree,Female,Jaffna,Station 11,Doctor,University of Colombo,8 years,"$87,888.19",Junior Polling Officer
Noah Young,1977-04-04,noah.young@outlook.com,29,High School Diploma,Female,Kandy,Station 49,Teacher,University of Jaffna,12 years,"$40,588.95",Clerk
Oliver Scott,1993-08-27,oliver.scott@example.com,56,Bachelor's Degree,Other,Negombo,Station 32,Doctor,University of Peradeniya,4 years,"$40,908.92",Junior Polling Officer
Zoe Ramirez,1990-09-18,zoe.ramirez@gmail.com,51,Bachelor's Degree,Male,Anuradhapura,Station 39,Software Engineer,University of Moratuwa,12 years,"$71,526.72",Junior Polling Officer
Emma Young,1982-10-15,emma.young@gmail.com,31,Bachelor's Degree,Male,Jaffna,Station 18,Accountant,University of Colombo,3 years,"$44,061.08",Junior Polling Officer
Madison Bell,1991-06-11,madison.bell@outlook.com,65,Master's Degree,Male,Colombo,Station 50,Doctor,University of Jaffna,16 years,"$64,874.72",Senior Polling Officer
Olivia Hill,2002-06-16,olivia.hill@yahoo.com,57,Master's Degree,Female,Trincomalee,Station 30,Software Engineer,University of Jaffna,9 years,"$102,944.0",Senior Polling Officer
Noah Green,1985-09-21,noah.green@yahoo.com,39,Bachelor's Degree,Male,Anuradhapura,Station 50,Software Engineer,University of Colombo,16 years,"$64,257.56",Junior Polling Officer
Henry Hill,1972-12-08,henry.hill@outlook.com,34,Bachelor's Degree,Other,Galle,Station 7,Software Engineer,University of Moratuwa,5 years,"$100,588.67",Junior Polling Officer
Benjamin Rivera,1954-06-15,benjamin.rivera@outlook.com,35,High School Diploma,Female,Anuradhapura,Station 40,Doctor,University of Moratuwa,1 years,"$91,163.63",Clerk
Grace Martin,1989-01-12,grace.martin@gmail.com,31,Master's Degree,Other,Negombo,Station 27,Doctor,University of Moratuwa,14 years,"$30,959.34",Senior Polling Officer
Harper Bell,1952-10-21,harper.bell@yahoo.com,33,Bachelor's Degree,Other,Colombo,Station 14,Teacher,University of Moratuwa,3 years,"$41,665.11",Junior Polling Officer
William Hall,1972-08-11,william.hall@example.com,42,High School Diploma,Male,Trincomalee,Station 34,Accountant,University of Colombo,0 years,"$37,179.97",Clerk
Lily Ramirez,1968-02-17,lily.ramirez@gmail.com,60,Bachelor's Degree,Male,Colombo,Station 27,Marketing Manager,University of Moratuwa,7 years,"$89,395.33",Junior Polling Officer
Henry Hill,1954-05-22,henry.hill@outlook.com,52,Bachelor's Degree,Other,Trincomalee,Station 42,Marketing Manager,University of Peradeniya,12 years,"$55,975.72",Junior Polling Officer
Henry Wright,1965-09-15,henry.wright@gmail.com,31,Ph.D.,Male,Anuradhapura,Station 8,Doctor,University of Moratuwa,1 years,"$104,022.59",Clerk
Charlotte Rodriguez,1952-12-08,charlotte.rodriguez@gmail.com,48,Master's Degree,Female,Trincomalee,Station 16,Marketing Manager,University of Jaffna,9 years,"$47,867.88",Senior Polling Officer
Emily Hernandez,1974-04-07,emily.hernandez@outlook.com,61,Bachelor's Degree,Female,Negombo,Station 32,Software Engineer,University of Colombo,6 years,"$41,431.86",Junior Polling Officer
Lily Martinez,1979-10-07,lily.martinez@outlook.com,42,Master's Degree,Male,Colombo,Station 9,Doctor,University of Peradeniya,4 years,"$72,538.69",Senior Polling Officer
Henry Garcia,1955-07-23,henry.garcia@outlook.com,22,Bachelor's Degree,Female,Trincomalee,Station 39,Teacher,University of Colombo,10 years,"$32,813.04",Junior Polling Officer
Aiden Young,1973-02-27,aiden.young@yahoo.com,60,Bachelor's Degree,Male,Anuradhapura,Station 29,Doctor,University of Peradeniya,0 years,"$72,846.83",Clerk
Oliver Lopez,1961-04-06,oliver.lopez@example.com,32,Bachelor's Degree,Female,Negombo,Station 23,Teacher,University of Jaffna,6 years,"$92,278.72",Junior Polling Officer
Mason Jackson,1959-03-23,mason.jackson@example.com,36,Ph.D.,Male,Jaffna,Station 27,Marketing Manager,University of Jaffna,18 years,"$113,121.9",Senior Polling Officer
Emma Lopez,1991-12-14,emma.lopez@example.com,34,Master's Degree,Other,Anuradhapura,Station 14,Teacher,University of Colombo,13 years,"$55,026.36",Senior Polling Officer
Sofia King,1994-10-16,sofia.king@example.com,33,Master's Degree,Male,Jaffna,Station 10,Marketing Manager,University of Peradeniya,4 years,"$110,475.54",Senior Polling Officer
Mason Hill,1988-02-01,mason.hill@outlook.com,21,Master's Degree,Other,Galle,Station 8,Software Engineer,University of Colombo,3 years,"$26,678.48",Senior Polling Officer
James Gonzalez,1995-06-28,james.gonzalez@example.com,51,Bachelor's Degree,Female,Colombo,Station 12,Marketing Manager,University of Jaffna,18 years,"$55,857.12",Junior Polling Officer
Liam Anderson,2000-08-26,liam.anderson@yahoo.com,42,Bachelor's Degree,Other,Colombo,Station 24,Accountant,University of Colombo,0 years,"$91,762.28",Clerk
Jackson Thomas,1958-11-13,jackson.thomas@example.com,60,Ph.D.,Other,Jaffna,Station 16,Marketing Manager,University of Colombo,9 years,"$51,281.71",Senior Polling Officer
Victoria King,1975-09-01,victoria.king@yahoo.com,63,Ph.D.,Other,Anuradhapura,Station 3,Marketing Manager,University of Moratuwa,7 years,"$83,593.86",Senior Polling Officer
Nathan Lewis,1961-12-13,nathan.lewis@example.com,65,Bachelor's Degree,Male,Jaffna,Station 18,Software Engineer,University of Jaffna,16 years,"$111,012.57",Junior Polling Officer
Elijah Miller,1988-01-13,elijah.miller@gmail.com,36,High School Diploma,Other,Kandy,Station 39,Software Engineer,University of Jaffna,6 years,"$69,096.89",Clerk
Aria Davis,1986-04-11,aria.davis@outlook.com,39,High School Diploma,Other,Galle,Station 18,Accountant,University of Peradeniya,0 years,"$30,007.26",Clerk
William Bell,1992-02-18,william.bell@yahoo.com,34,High School Diploma,Other,Kandy,Station 30,Doctor,University of Moratuwa,14 years,"$48,942.79",Clerk
Scarlett Perez,2001-08-18,scarlett.perez@outlook.com,31,High School Diploma,Other,Negombo,Station 12,Software Engineer,University of Jaffna,9 years,"$31,647.31",Clerk
Grace Adams,1959-11-24,grace.adams@outlook.com,26,Ph.D.,Male,Kandy,Station 43,Doctor,University of Moratuwa,13 years,"$99,962.48",Senior Polling Officer
James Nelson,1991-05-08,james.nelson@gmail.com,62,Ph.D.,Female,Negombo,Station 3,Teacher,University of Jaffna,15 years,"$53,097.6",Senior Polling Officer
Liam Moore,1967-01-14,liam.moore@outlook.com,42,Ph.D.,Female,Galle,Station 49,Software Engineer,University of Jaffna,7 years,"$27,919.48",Senior Polling Officer
Isabella Johnson,1988-05-24,isabella.johnson@outlook.com,44,Ph.D.,Female,Jaffna,Station 34,Accountant,University of Jaffna,1 years,"$77,703.41",Clerk
Olivia Jackson,1952-05-26,olivia.jackson@yahoo.com,34,Master's Degree,Other,Anuradhapura,Station 44,Accountant,University of Peradeniya,13 years,"$58,287.14",Senior Polling Officer
John Wright,2002-12-19,john.wright@outlook.com,28,High School Diploma,Other,Kandy,Station 32,Teacher,University of Peradeniya,10 years,"$86,855.88",Clerk
Lily Brown,1972-04-21,lily.brown@example.com,54,High School Diploma,Other,Kandy,Station 34,Teacher,University of Colombo,15 years,"$71,542.37",Clerk
Grace Brown,1952-04-07,grace.brown@gmail.com,51,High School Diploma,Female,Trincomalee,Station 33,Teacher,University of Moratuwa,0 years,"$93,089.86",Clerk
Abigail Lopez,1951-10-10,abigail.lopez@outlook.com,25,Ph.D.,Female,Trincomalee,Station 33,Doctor,University of Moratuwa,14 years,"$87,779.35",Senior Polling Officer
Chloe Johnson,1978-11-19,chloe.johnson@example.com,47,Ph.D.,Other,Trincomalee,Station 4,Accountant,University of Moratuwa,12 years,"$46,905.85",Senior Polling Officer
Victoria Johnson,1961-05-05,victoria.johnson@gmail.com,59,Ph.D.,Other,Jaffna,Station 20,Teacher,University of Peradeniya,1 years,"$118,458.87",Clerk
Emily Brown,1974-12-20,emily.brown@yahoo.com,64,High School Diploma,Female,Anuradhapura,Station 43,Teacher,University of Jaffna,11 years,"$117,191.6",Clerk
Leo Hill,1992-12-26,leo.hill@yahoo.com,41,Bachelor's Degree,Male,Jaffna,Station 48,Software Engineer,University of Peradeniya,1 years,"$98,009.11",Clerk
Chloe Bell,1994-09-19,chloe.bell@example.com,50,High School Diploma,Male,Jaffna,Station 6,Marketing Manager,University of Peradeniya,18 years,"$67,897.86",Clerk
Michael Martinez,1974-02-02,michael.martinez@outlook.com,26,Ph.D.,Other,Kandy,Station 19,Teacher,University of Colombo,15 years,"$43,501.55",Senior Polling Officer
Samantha Wright,1978-09-21,samantha.wright@yahoo.com,62,Bachelor's Degree,Female,Anuradhapura,Station 30,Teacher,University of Colombo,0 years,"$90,267.86",Clerk
Scarlett Nelson,1958-12-28,scarlett.nelson@gmail.com,23,Bachelor's Degree,Other,Galle,Station 27,Software Engineer,University of Jaffna,2 years,"$92,514.48",Junior Polling Officer
Elijah Thompson,1966-09-03,elijah.thompson@example.com,24,Ph.D.,Female,Negombo,Station 40,Software Engineer,University of Moratuwa,16 years,"$97,889.4",Senior Polling Officer
Carter Gonzalez,2001-06-28,carter.gonzalez@yahoo.com,63,Master's Degree,Female,Trincomalee,Station 8,Marketing Manager,University of Colombo,20 years,"$53,979.94",Senior Polling Officer
Liam Davis,1995-07-01,liam.davis@yahoo.com,41,Master's Degree,Female,Kandy,Station 30,Doctor,University of Jaffna,11 years,"$54,323.57",Senior Polling Officer
Daniel Hall,1967-06-27,daniel.hall@example.com,30,Bachelor's Degree,Female,Galle,Station 45,Teacher,University of Jaffna,9 years,"$77,939.86",Junior Polling Officer
Amelia Scott,1989-02-25,amelia.scott@example.com,41,Ph.D.,Other,Negombo,Station 30,Marketing Manager,University of Colombo,9 years,"$92,505.63",Senior Polling Officer
Chloe Jones,1971-03-22,chloe.jones@outlook.com,34,Bachelor's Degree,Female,Jaffna,Station 6,Teacher,University of Colombo,4 years,"$41,519.67",Junior Polling Officer
Liam Adams,1989-09-22,liam.adams@example.com,63,Master's Degree,Female,Anuradhapura,Station 22,Software Engineer,University of Peradeniya,8 years,"$112,178.22",Senior Polling Officer
Alexander Allen,1996-12-16,alexander.allen@outlook.com,36,High School Diploma,Male,Kandy,Station 39,Software Engineer,University of Peradeniya,1 years,"$109,819.78",Clerk
Lily Lopez,1994-11-04,lily.lopez@yahoo.com,60,Ph.D.,Male,Galle,Station 36,Accountant,University of Jaffna,3 years,"$115,807.11",Clerk
Benjamin Harris,1964-03-18,benjamin.harris@gmail.com,65,Ph.D.,Male,Negombo,Station 8,Doctor,University of Jaffna,15 years,"$87,647.92",Senior Polling Officer
Madison White,1959-08-13,madison.white@gmail.com,31,High School Diploma,Male,Trincomalee,Station 7,Accountant,University of Moratuwa,4 years,"$71,457.27",Clerk
James Young,1957-08-26,james.young@gmail.com,49,Bachelor's Degree,Female,Jaffna,Station 18,Teacher,University of Jaffna,1 years,"$46,112.12",Clerk
Mia Rodriguez,1963-09-01,mia.rodriguez@outlook.com,22,Ph.D.,Other,Negombo,Station 20,Accountant,University of Moratuwa,8 years,"$66,122.95",Senior Polling Officer
Amelia Williams,1968-07-16,amelia.williams@example.com,33,High School Diploma,Female,Trincomalee,Station 19,Doctor,University of Peradeniya,20 years,"$88,141.85",Clerk
Logan Flores,1996-07-28,logan.flores@example.com,22,High School Diploma,Female,Jaffna,Station 43,Teacher,University of Colombo,9 years,"$78,605.48",Clerk
Michael Hill,1951-12-02,michael.hill@gmail.com,51,Bachelor's Degree,Male,Trincomalee,Station 39,Teacher,University of Jaffna,18 years,"$109,921.57",Junior Polling Officer
Amelia Robinson,1955-11-08,amelia.robinson@outlook.com,31,Ph.D.,Male,Negombo,Station 39,Software Engineer,University of Colombo,15 years,"$88,678.29",Senior Polling Officer
Sofia Allen,1984-10-16,sofia.allen@yahoo.com,52,Master's Degree,Male,Trincomalee,Station 34,Marketing Manager,University of Moratuwa,4 years,"$39,839.16",Senior Polling Officer
Daniel Jackson,2001-08-20,daniel.jackson@outlook.com,26,High School Diploma,Male,Colombo,Station 1,Software Engineer,University of Peradeniya,8 years,"$29,237.39",Clerk
Lily Smith,2000-10-19,lily.smith@outlook.com,50,Bachelor's Degree,Female,Kandy,Station 48,Teacher,University of Moratuwa,12 years,"$95,360.86",Junior Polling Officer
Amelia Adams,2002-06-06,amelia.adams@gmail.com,47,Master's Degree,Male,Anuradhapura,Station 44,Software Engineer,University of Colombo,16 years,"$51,940.85",Senior Polling Officer
Jackson Hall,1974-06-15,jackson.hall@outlook.com,38,Master's Degree,Male,Jaffna,Station 15,Teacher,University of Colombo,14 years,"$50,989.63",Senior Polling Officer
Nathan Lewis,1990-03-13,nathan.lewis@outlook.com,37,High School Diploma,Male,Negombo,Station 1,Teacher,University of Moratuwa,2 years,"$68,143.85",Clerk
Chloe Thomas,1996-10-03,chloe.thomas@outlook.com,65,Master's Degree,Other,Kandy,Station 11,Marketing Manager,University of Moratuwa,7 years,"$105,255.08",Senior Polling Officer
Mason Torres,1963-04-11,mason.torres@yahoo.com,33,Master's Degree,Male,Negombo,Station 40,Software Engineer,University of Moratuwa,13 years,"$36,410.5",Senior Polling Officer
Ryan Ramirez,1994-07-08,ryan.ramirez@example.com,59,High School Diploma,Male,Kandy,Station 45,Doctor,University of Peradeniya,2 years,"$104,207.23",Clerk
Amelia Harris,1980-06-10,amelia.harris@outlook.com,30,Bachelor's Degree,Female,Kandy,Station 35,Accountant,University of Colombo,6 years,"$53,752.33",Junior Polling Officer
Elijah Lee,1992-03-16,elijah.lee@yahoo.com,62,Ph.D.,Male,Colombo,Station 49,Accountant,University of Jaffna,6 years,"$108,159.58",Senior Polling Officer
Noah Adams,1995-06-23,noah.adams@example.com,34,High School Diploma,Other,Negombo,Station 42,Doctor,University of Jaffna,8 years,"$68,531.04",Clerk
Amelia Brown,1995-02-07,amelia.brown@yahoo.com,51,Bachelor's Degree,Female,Colombo,Station 9,Accountant,University of Peradeniya,20 years,"$112,748.25",Junior Polling Officer
Isabella Hall,1969-08-11,isabella.hall@outlook.com,51,Master's Degree,Male,Trincomalee,Station 2,Accountant,University of Peradeniya,15 years,"$89,014.74",Senior Polling Officer
Aiden Hill,1986-09-27,aiden.hill@yahoo.com,25,Ph.D.,Female,Galle,Station 36,Teacher,University of Peradeniya,14 years,"$115,449.83",Senior Polling Officer
John Rodriguez,1954-01-23,john.rodriguez@gmail.com,57,Bachelor's Degree,Female,Trincomalee,Station 12,Accountant,University of Peradeniya,6 years,"$53,244.75",Junior Polling Officer
Sofia Hall,1980-06-15,sofia.hall@gmail.com,35,Ph.D.,Other,Anuradhapura,Station 21,Accountant,University of Jaffna,19 years,"$55,747.93",Senior Polling Officer
Madison Moore,1984-05-18,madison.moore@yahoo.com,25,Ph.D.,Male,Trincomalee,Station 8,Accountant,University of Moratuwa,14 years,"$32,815.47",Senior Polling Officer
Aria Bell,1968-12-17,aria.bell@outlook.com,22,Ph.D.,Other,Jaffna,Station 33,Software Engineer,University of Colombo,3 years,"$41,455.66",Clerk
Aria Miller,1951-02-02,aria.miller@yahoo.com,22,Bachelor's Degree,Other,Anuradhapura,Station 44,Teacher,University of Jaffna,10 years,"$78,109.27",Junior Polling Officer
Nathan Anderson,1957-01-02,nathan.anderson@yahoo.com,51,Master's Degree,Female,Jaffna,Station 10,Software Engineer,University of Peradeniya,14 years,"$115,137.72",Senior Polling Officer
Ethan White,1968-06-15,ethan.white@yahoo.com,49,High School Diploma,Male,Galle,Station 42,Software Engineer,University of Moratuwa,11 years,"$76,241.49",Clerk
Daniel Lee,1977-12-12,daniel.lee@gmail.com,43,Ph.D.,Female,Anuradhapura,Station 32,Marketing Manager,University of Jaffna,4 years,"$76,184.15",Clerk
William Sanchez,1993-01-23,william.sanchez@yahoo.com,52,Ph.D.,Other,Kandy,Station 40,Marketing Manager,University of Jaffna,3 years,"$66,182.8",Clerk
Mason Thomas,1997-01-25,mason.thomas@outlook.com,62,Master's Degree,Male,Kandy,Station 49,Accountant,University of Jaffna,11 years,"$73,304.75",Senior Polling Officer
Aria Moore,1987-06-13,aria.moore@outlook.com,25,Master's Degree,Male,Kandy,Station 37,Software Engineer,University of Moratuwa,1 years,"$48,324.53",Clerk
Jackson King,1973-01-02,jackson.king@yahoo.com,54,Master's Degree,Female,Kandy,Station 42,Doctor,University of Jaffna,13 years,"$48,682.25",Senior Polling Officer
Isabella Green,1990-03-24,isabella.green@gmail.com,62,Ph.D.,Male,Trincomalee,Station 22,Marketing Manager,University of Peradeniya,2 years,"$80,433.22",Clerk
Sofia Young,1989-01-13,sofia.young@yahoo.com,38,Bachelor's Degree,Other,Galle,Station 9,Teacher,University of Moratuwa,4 years,"$62,965.78",Junior Polling Officer
Logan Nguyen,2003-12-08,logan.nguyen@yahoo.com,23,Master's Degree,Female,Galle,Station 37,Marketing Manager,University of Jaffna,6 years,"$82,418.44",Senior Polling Officer
Noah Lee,1951-05-23,noah.lee@gmail.com,65,High School Diploma,Male,Colombo,Station 41,Doctor,University of Jaffna,0 years,"$74,567.99",Clerk
Henry Flores,1956-09-05,henry.flores@yahoo.com,30,Bachelor's Degree,Male,Negombo,Station 24,Software Engineer,University of Moratuwa,1 years,"$104,644.34",Clerk
Mason Allen,1960-12-23,mason.allen@example.com,24,Master's Degree,Other,Trincomalee,Station 14,Doctor,University of Peradeniya,9 years,"$82,902.63",Senior Polling Officer
Emily Bell,1996-05-18,emily.bell@example.com,30,Bachelor's Degree,Female,Kandy,Station 36,Teacher,University of Peradeniya,20 years,"$103,180.73",Junior Polling Officer
David Lewis,1957-01-15,david.lewis@gmail.com,49,High School Diploma,Male,Colombo,Station 32,Accountant,University of Colombo,4 years,"$57,941.7",Clerk
David Torres,2000-03-16,david.torres@outlook.com,31,Master's Degree,Other,Anuradhapura,Station 19,Marketing Manager,University of Moratuwa,9 years,"$119,703.68",Senior Polling Officer
Ella Hall,1971-12-23,ella.hall@outlook.com,57,Bachelor's Degree,Male,Anuradhapura,Station 30,Marketing Manager,University of Peradeniya,14 years,"$77,919.86",Junior Polling Officer
Liam Thomas,1991-12-22,liam.thomas@outlook.com,32,Master's Degree,Female,Trincomalee,Station 24,Software Engineer,University of Jaffna,13 years,"$49,912.74",Senior Polling Officer
David Flores,1967-05-11,david.flores@example.com,50,Ph.D.,Other,Jaffna,Station 30,Doctor,University of Colombo,1 years,"$119,784.84",Clerk
Leo Martin,1983-07-14,leo.martin@gmail.com,35,High School Diploma,Male,Kandy,Station 29,Accountant,University of Peradeniya,4 years,"$82,670.06",Clerk
Emily Jackson,1988-05-02,emily.jackson@gmail.com,27,High School Diploma,Other,Colombo,Station 26,Software Engineer,University of Moratuwa,3 years,"$50,320.96",Clerk
Abigail Baker,1957-04-16,abigail.baker@yahoo.com,39,Bachelor's Degree,Other,Trincomalee,Station 43,Marketing Manager,University of Jaffna,18 years,"$25,664.49",Junior Polling Officer
Harper Hall,1995-07-27,harper.hall@outlook.com,45,Master's Degree,Female,Negombo,Station 26,Doctor,University of Colombo,6 years,"$36,357.68",Senior Polling Officer
Alexander Torres,1966-05-28,alexander.torres@yahoo.com,32,Bachelor's Degree,Other,Colombo,Station 25,Accountant,University of Colombo,11 years,"$30,740.11",Junior Polling Officer
Jackson Martinez,1965-11-11,jackson.martinez@gmail.com,39,High School Diploma,Male,Negombo,Station 44,Marketing Manager,University of Colombo,1 years,"$48,474.19",Clerk
Lily Wright,1952-08-09,lily.wright@yahoo.com,61,High School Diploma,Female,Trincomalee,Station 6,Teacher,University of Jaffna,11 years,"$112,830.65",Clerk
Lucas Perez,1994-01-23,lucas.perez@outlook.com,42,High School Diploma,Other,Negombo,Station 12,Doctor,University of Colombo,8 years,"$106,663.35",Clerk
Aiden Brown,1950-06-17,aiden.brown@yahoo.com,60,Ph.D.,Other,Anuradhapura,Station 11,Doctor,University of Moratuwa,8 years,"$83,586.22",Senior Polling Officer
Mason Hall,2003-02-28,mason.hall@outlook.com,28,High School Diploma,Other,Negombo,Station 42,Software Engineer,University of Jaffna,1 years,"$76,702.77",Clerk
Charlotte Hall,1970-12-28,charlotte.hall@outlook.com,64,Ph.D.,Female,Trincomalee,Station 4,Teacher,University of Moratuwa,20 years,"$117,265.01",Senior Polling Officer
Chloe Wilson,1968-01-14,chloe.wilson@gmail.com,37,Master's Degree,Female,Anuradhapura,Station 13,Doctor,University of Jaffna,2 years,"$93,387.52",Clerk
Emily Hall,1953-06-06,emily.hall@example.com,39,Ph.D.,Male,Jaffna,Station 20,Software Engineer,University of Jaffna,17 years,"$51,020.8",Senior Polling Officer
Alexander Nelson,1965-02-25,alexander.nelson@gmail.com,56,High School Diploma,Other,Anuradhapura,Station 1,Teacher,University of Moratuwa,0 years,"$99,724.19",Clerk
Nathan Scott,1992-10-15,nathan.scott@outlook.com,40,Bachelor's Degree,Male,Anuradhapura,Station 33,Marketing Manager,University of Moratuwa,9 years,"$62,716.46",Junior Polling Officer
John Lopez,1951-07-28,john.lopez@example.com,31,Master's Degree,Male,Kandy,Station 10,Software Engineer,University of Jaffna,10 years,"$25,002.84",Senior Polling Officer
Aria Nguyen,1955-06-24,aria.nguyen@example.com,22,Bachelor's Degree,Male,Kandy,Station 22,Software Engineer,University of Jaffna,9 years,"$81,577.12",Junior Polling Officer
Jackson White,1951-10-02,jackson.white@yahoo.com,22,High School Diploma,Other,Jaffna,Station 5,Marketing Manager,University of Colombo,3 years,"$116,301.44",Clerk
Scarlett King,1989-06-11,scarlett.king@yahoo.com,27,Ph.D.,Other,Kandy,Station 17,Accountant,University of Moratuwa,10 years,"$90,042.62",Senior Polling Officer
Liam Wilson,1999-08-16,liam.wilson@example.com,37,Ph.D.,Other,Trincomalee,Station 28,Marketing Manager,University of Jaffna,13 years,"$101,717.86",Senior Polling Officer
Harper Johnson,2000-10-16,harper.johnson@yahoo.com,37,Master's Degree,Male,Negombo,Station 31,Teacher,University of Colombo,0 years,"$101,560.06",Clerk
Emma Perez,1965-05-27,emma.perez@example.com,65,Bachelor's Degree,Female,Trincomalee,Station 49,Marketing Manager,University of Jaffna,8 years,"$53,302.74",Junior Polling Officer
John Ramirez,1965-04-23,john.ramirez@example.com,53,Ph.D.,Other,Jaffna,Station 48,Marketing Manager,University of Jaffna,5 years,"$38,293.38",Senior Polling Officer
Jackson Walker,1975-09-13,jackson.walker@yahoo.com,30,Master's Degree,Other,Galle,Station 39,Software Engineer,University of Moratuwa,3 years,"$50,937.67",Senior Polling Officer
John Gonzalez,1983-09-09,john.gonzalez@yahoo.com,55,High School Diploma,Female,Kandy,Station 4,Teacher,University of Moratuwa,10 years,"$96,605.14",Clerk
Lily Jackson,1992-11-09,lily.jackson@outlook.com,42,High School Diploma,Male,Anuradhapura,Station 38,Marketing Manager,University of Peradeniya,6 years,"$66,056.2",Clerk
Logan Clark,1955-03-19,logan.clark@gmail.com,35,Ph.D.,Male,Galle,Station 18,Software Engineer,University of Jaffna,17 years,"$58,191.15",Senior Polling Officer
Ethan Flores,1954-01-17,ethan.flores@gmail.com,21,High School Diploma,Other,Kandy,Station 22,Doctor,University of Peradeniya,14 years,"$103,739.3",Clerk
Sofia Harris,1971-08-23,sofia.harris@yahoo.com,37,Ph.D.,Female,Kandy,Station 7,Marketing Manager,University of Colombo,1 years,"$66,396.06",Clerk
Chloe Wright,1963-12-17,chloe.wright@example.com,39,Master's Degree,Male,Galle,Station 2,Software Engineer,University of Peradeniya,16 years,"$64,686.9",Senior Polling Officer
Isabella Anderson,1958-01-15,isabella.anderson@example.com,61,Bachelor's Degree,Other,Jaffna,Station 21,Teacher,University of Peradeniya,7 years,"$30,743.47",Junior Polling Officer
David Lee,1970-12-23,david.lee@gmail.com,40,High School Diploma,Other,Trincomalee,Station 41,Software Engineer,University of Peradeniya,1 years,"$81,536.01",Clerk
Aria Garcia,1953-11-07,aria.garcia@example.com,32,Master's Degree,Other,Trincomalee,Station 44,Marketing Manager,University of Colombo,3 years,"$74,940.8",Senior Polling Officer
Abigail King,1981-04-09,abigail.king@example.com,41,Bachelor's Degree,Male,Galle,Station 47,Accountant,University of Jaffna,13 years,"$90,044.3",Junior Polling Officer
Ava Moore,1950-03-17,ava.moore@example.com,31,Ph.D.,Male,Galle,Station 6,Accountant,University of Jaffna,12 years,"$30,060.95",Senior Polling Officer
Ava Torres,1960-09-26,ava.torres@yahoo.com,25,Ph.D.,Other,Colombo,Station 7,Teacher,University of Colombo,6 years,"$63,382.29",Senior Polling Officer
John Young,1976-05-21,john.young@example.com,50,Master's Degree,Other,Jaffna,Station 41,Teacher,University of Peradeniya,5 years,"$61,014.05",Senior Polling Officer
Lily Hall,1954-03-20,lily.hall@example.com,52,Master's Degree,Other,Kandy,Station 8,Doctor,University of Jaffna,20 years,"$92,191.74",Senior Polling Officer
Ryan Johnson,1950-10-08,ryan.johnson@example.com,50,Ph.D.,Other,Jaffna,Station 41,Marketing Manager,University of Moratuwa,13 years,"$42,208.87",Senior Polling Officer
Charlotte Wilson,1966-09-01,charlotte.wilson@gmail.com,55,High School Diploma,Other,Colombo,Station 24,Marketing Manager,University of Peradeniya,2 years,"$73,511.48",Clerk
Benjamin Allen,1972-03-06,benjamin.allen@outlook.com,57,Master's Degree,Other,Colombo,Station 28,Teacher,University of Peradeniya,3 years,"$56,397.28",Senior Polling Officer
Madison Torres,1972-01-01,madison.torres@example.com,53,Bachelor's Degree,Male,Kandy,Station 16,Doctor,University of Moratuwa,2 years,"$75,211.68",Junior Polling Officer
Logan Walker,1965-08-27,logan.walker@gmail.com,52,Master's Degree,Other,Negombo,Station 32,Accountant,University of Colombo,1 years,"$89,484.04",Clerk
Scarlett Garcia,1965-04-05,scarlett.garcia@outlook.com,47,High School Diploma,Other,Negombo,Station 8,Doctor,University of Moratuwa,6 years,"$84,644.55",Clerk
James Flores,1973-03-07,james.flores@yahoo.com,61,Ph.D.,Female,Trincomalee,Station 21,Doctor,University of Jaffna,9 years,"$92,471.64",Senior Polling Officer
Victoria Robinson,1952-05-02,victoria.robinson@gmail.com,21,Master's Degree,Other,Trincomalee,Station 2,Marketing Manager,University of Colombo,19 years,"$65,763.41",Senior Polling Officer
Daniel Young,1974-05-07,daniel.young@example.com,30,Bachelor's Degree,Male,Galle,Station 2,Accountant,University of Moratuwa,3 years,"$56,957.49",Junior Polling Officer
William Thompson,1995-03-15,william.thompson@gmail.com,40,High School Diploma,Other,Anuradhapura,Station 5,Teacher,University of Peradeniya,16 years,"$53,986.62",Clerk
Liam Bell,2001-03-01,liam.bell@gmail.com,63,High School Diploma,Female,Kandy,Station 28,Teacher,University of Peradeniya,10 years,"$89,153.76",Clerk
Zoe Rodriguez,1978-01-10,zoe.rodriguez@outlook.com,53,Ph.D.,Female,Negombo,Station 3,Marketing Manager,University of Moratuwa,3 years,"$55,208.53",Clerk
William Martin,1979-08-24,william.martin@yahoo.com,24,Ph.D.,Male,Anuradhapura,Station 14,Software Engineer,University of Peradeniya,5 years,"$44,573.86",Senior Polling Officer
Liam Young,1965-09-24,liam.young@yahoo.com,23,Master's Degree,Other,Kandy,Station 32,Doctor,University of Peradeniya,7 years,"$51,584.05",Senior Polling Officer
Nathan Allen,1977-08-10,nathan.allen@example.com,46,High School Diploma,Female,Colombo,Station 46,Accountant,University of Peradeniya,5 years,"$94,261.34",Clerk
Nathan Lee,1992-01-08,nathan.lee@example.com,62,Master's Degree,Male,Negombo,Station 8,Marketing Manager,University of Peradeniya,4 years,"$114,420.5",Senior Polling Officer
Ava Robinson,1982-01-01,ava.robinson@yahoo.com,58,High School Diploma,Male,Negombo,Station 35,Doctor,University of Jaffna,15 years,"$65,716.84",Clerk
Liam Lopez,1979-09-08,liam.lopez@yahoo.com,45,High School Diploma,Male,Colombo,Station 49,Teacher,University of Moratuwa,2 years,"$89,856.05",Clerk
Grace Anderson,1957-07-23,grace.anderson@yahoo.com,38,High School Diploma,Male,Colombo,Station 5,Doctor,University of Peradeniya,6 years,"$58,311.76",Clerk
Charlotte Hill,1972-01-27,charlotte.hill@gmail.com,46,Bachelor's Degree,Male,Jaffna,Station 7,Software Engineer,University of Jaffna,5 years,"$110,749.78",Junior Polling Officer
Michael Martinez,1954-01-24,michael.martinez@gmail.com,51,High School Diploma,Male,Kandy,Station 30,Doctor,University of Colombo,15 years,"$49,841.87",Clerk
Grace Clark,1966-08-09,grace.clark@outlook.com,29,Master's Degree,Male,Trincomalee,Station 13,Accountant,University of Peradeniya,2 years,"$68,066.49",Clerk
Leo Green,1960-12-25,leo.green@example.com,41,Master's Degree,Other,Trincomalee,Station 20,Marketing Manager,University of Peradeniya,12 years,"$36,839.81",Senior Polling Officer
Daniel Lee,1987-11-19,daniel.lee@gmail.com,31,Ph.D.,Other,Colombo,Station 45,Marketing Manager,University of Peradeniya,14 years,"$90,880.27",Senior Polling Officer
Amelia Bell,1960-01-07,amelia.bell@example.com,33,Bachelor's Degree,Female,Anuradhapura,Station 24,Teacher,University of Moratuwa,11 years,"$38,557.6",Junior Polling Officer
Emma Jackson,2003-05-23,emma.jackson@example.com,25,Bachelor's Degree,Female,Negombo,Station 2,Marketing Manager,University of Jaffna,9 years,"$65,683.72",Junior Polling Officer
Isabella Gonzalez,1956-05-14,isabella.gonzalez@outlook.com,28,Ph.D.,Female,Colombo,Station 37,Accountant,University of Colombo,13 years,"$93,470.72",Senior Polling Officer
Benjamin Taylor,1996-02-17,benjamin.taylor@example.com,63,Master's Degree,Male,Galle,Station 2,Marketing Manager,University of Moratuwa,0 years,"$86,758.3",Clerk
Charlotte Adams,1985-04-17,charlotte.adams@example.com,36,High School Diploma,Male,Anuradhapura,Station 3,Doctor,University of Peradeniya,17 years,"$53,340.38",Clerk
David Green,1992-10-02,david.green@yahoo.com,55,High School Diploma,Other,Jaffna,Station 45,Software Engineer,University of Moratuwa,11 years,"$100,604.4",Clerk
Sophia Nelson,1995-11-26,sophia.nelson@example.com,40,High School Diploma,Other,Colombo,Station 45,Software Engineer,University of Jaffna,7 years,"$47,361.46",Clerk
Amelia Lewis,1995-08-19,amelia.lewis@outlook.com,29,Master's Degree,Other,Anuradhapura,Station 43,Software Engineer,University of Jaffna,8 years,"$106,499.21",Senior Polling Officer
Ava Rodriguez,1952-05-07,ava.rodriguez@outlook.com,20,Master's Degree,Other,Anuradhapura,Station 36,Marketing Manager,University of Colombo,7 years,"$101,612.18",Senior Polling Officer
Ella Perez,1963-08-01,ella.perez@example.com,37,Ph.D.,Other,Trincomalee,Station 15,Software Engineer,University of Moratuwa,0 years,"$119,774.63",Clerk
John King,1980-12-26,john.king@outlook.com,37,Master's Degree,Other,Galle,Station 10,Marketing Manager,University of Moratuwa,17 years,"$34,839.79",Senior Polling Officer
Oliver King,1991-10-09,oliver.king@outlook.com,57,Bachelor's Degree,Male,Negombo,Station 1,Accountant,University of Moratuwa,13 years,"$27,203.96",Junior Polling Officer
Scarlett Jackson,2001-12-18,scarlett.jackson@yahoo.com,63,Ph.D.,Female,Anuradhapura,Station 4,Accountant,University of Moratuwa,4 years,"$72,482.43",Clerk
James Lopez,1951-01-06,james.lopez@outlook.com,27,High School Diploma,Other,Kandy,Station 32,Teacher,University of Jaffna,10 years,"$117,946.23",Clerk
John Baker,1983-10-19,john.baker@example.com,48,Master's Degree,Female,Kandy,Station 12,Accountant,University of Jaffna,6 years,"$77,870.19",Senior Polling Officer
Ryan Rodriguez,1957-03-15,ryan.rodriguez@gmail.com,29,Ph.D.,Male,Anuradhapura,Station 30,Accountant,University of Colombo,9 years,"$84,991.47",Senior Polling Officer
Noah Gonzalez,2003-06-26,noah.gonzalez@yahoo.com,37,Ph.D.,Male,Galle,Station 50,Software Engineer,University of Peradeniya,13 years,"$70,540.62",Senior Polling Officer
Noah Bell,1953-09-09,noah.bell@outlook.com,49,Master's Degree,Other,Negombo,Station 20,Teacher,University of Jaffna,6 years,"$92,956.98",Senior Polling Officer
James Thompson,1991-09-27,james.thompson@gmail.com,65,Ph.D.,Female,Colombo,Station 33,Doctor,University of Jaffna,13 years,"$44,497.44",Senior Polling Officer
Nathan Rodriguez,1980-01-26,nathan.rodriguez@example.com,37,Master's Degree,Other,Anuradhapura,Station 7,Teacher,University of Jaffna,10 years,"$36,333.46",Senior Polling Officer
Jackson Young,1981-03-16,jackson.young@gmail.com,36,Bachelor's Degree,Female,Negombo,Station 14,Teacher,University of Colombo,17 years,"$107,720.95",Junior Polling Officer
Liam Martinez,1961-11-07,liam.martinez@gmail.com,56,High School Diploma,Female,Colombo,Station 27,Software Engineer,University of Jaffna,3 years,"$105,700.21",Clerk
Zoe Rivera,1984-08-04,zoe.rivera@example.com,42,Bachelor's Degree,Other,Trincomalee,Station 48,Software Engineer,University of Moratuwa,13 years,"$103,485.09",Junior Polling Officer
Grace Green,1974-07-03,grace.green@gmail.com,39,High School Diploma,Male,Negombo,Station 35,Doctor,University of Moratuwa,4 years,"$69,179.45",Clerk
Nathan Thompson,1992-05-17,nathan.thompson@outlook.com,62,Master's Degree,Male,Jaffna,Station 5,Doctor,University of Moratuwa,13 years,"$46,146.38",Senior Polling Officer
Ava Hernandez,1961-02-08,ava.hernandez@example.com,43,Ph.D.,Female,Galle,Station 34,Teacher,University of Colombo,7 years,"$103,884.72",Senior Polling Officer
Madison Flores,1993-10-08,madison.flores@gmail.com,23,Bachelor's Degree,Other,Kandy,Station 46,Teacher,University of Moratuwa,16 years,"$48,634.67",Junior Polling Officer
Henry Jackson,1999-05-16,henry.jackson@yahoo.com,64,Bachelor's Degree,Other,Negombo,Station 40,Marketing Manager,University of Peradeniya,1 years,"$113,546.01",Clerk
John Rivera,1967-12-18,john.rivera@example.com,21,Master's Degree,Female,Anuradhapura,Station 29,Software Engineer,University of Moratuwa,9 years,"$65,303.3",Senior Polling Officer
Ella Hall,1961-03-17,ella.hall@gmail.com,36,Master's Degree,Other,Galle,Station 8,Doctor,University of Jaffna,2 years,"$103,504.54",Clerk
Alexander Martin,1973-05-15,alexander.martin@example.com,59,High School Diploma,Male,Kandy,Station 5,Accountant,University of Peradeniya,1 years,"$108,695.92",Clerk
Lucas Clark,1999-10-22,lucas.clark@example.com,23,Ph.D.,Male,Jaffna,Station 14,Teacher,University of Peradeniya,12 years,"$43,136.22",Senior Polling Officer
Michael White,1963-07-09,michael.white@yahoo.com,22,Master's Degree,Female,Anuradhapura,Station 48,Teacher,University of Peradeniya,15 years,"$94,127.3",Senior Polling Officer
Emma Miller,1983-06-12,emma.miller@outlook.com,51,High School Diploma,Male,Trincomalee,Station 44,Accountant,University of Peradeniya,15 years,"$51,450.94",Clerk
Abigail Rodriguez,1960-08-05,abigail.rodriguez@yahoo.com,37,Ph.D.,Male,Anuradhapura,Station 40,Doctor,University of Moratuwa,2 years,"$87,115.44",Clerk
Oliver Baker,1953-02-09,oliver.baker@example.com,22,Ph.D.,Other,Anuradhapura,Station 40,Software Engineer,University of Moratuwa,10 years,"$105,002.0",Senior Polling Officer
Chloe Green,1965-05-02,chloe.green@yahoo.com,32,High School Diploma,Male,Colombo,Station 49,Accountant,University of Peradeniya,10 years,"$106,458.1",Clerk
Mia Allen,1969-04-27,mia.allen@gmail.com,41,High School Diploma,Male,Anuradhapura,Station 25,Teacher,University of Peradeniya,2 years,"$50,232.47",Clerk
Ethan Green,1974-08-22,ethan.green@example.com,22,Bachelor's Degree,Male,Trincomalee,Station 1,Software Engineer,University of Colombo,3 years,"$52,751.9",Junior Polling Officer
Madison Hernandez,1973-07-21,madison.hernandez@example.com,30,Master's Degree,Male,Colombo,Station 18,Software Engineer,University of Colombo,5 years,"$92,091.99",Senior Polling Officer
Charlotte Smith,1988-01-24,charlotte.smith@yahoo.com,44,Ph.D.,Female,Colombo,Station 27,Doctor,University of Colombo,2 years,"$80,826.61",Clerk
Harper Brown,1982-06-16,harper.brown@gmail.com,51,Ph.D.,Female,Galle,Station 26,Marketing Manager,University of Moratuwa,0 years,"$104,451.52",Clerk
Emily Allen,1968-06-15,emily.allen@example.com,54,Bachelor's Degree,Female,Kandy,Station 13,Marketing Manager,University of Colombo,10 years,"$36,119.73",Junior Polling Officer
Abigail Hernandez,1984-10-26,abigail.hernandez@yahoo.com,44,Master's Degree,Male,Colombo,Station 46,Teacher,University of Colombo,16 years,"$43,359.22",Senior Polling Officer
Ryan Moore,1992-06-20,ryan.moore@example.com,49,Ph.D.,Male,Kandy,Station 11,Software Engineer,University of Colombo,16 years,"$105,866.12",Senior Polling Officer
Abigail Rodriguez,1983-03-20,abigail.rodriguez@yahoo.com,28,Bachelor's Degree,Other,Jaffna,Station 46,Marketing Manager,University of Jaffna,19 years,"$66,254.46",Junior Polling Officer
Logan Jones,1960-09-09,logan.jones@outlook.com,65,Master's Degree,Female,Trincomalee,Station 5,Software Engineer,University of Peradeniya,6 years,"$93,009.52",Senior Polling Officer
Benjamin Wright,1992-02-26,benjamin.wright@gmail.com,57,Ph.D.,Other,Kandy,Station 33,Teacher,University of Jaffna,10 years,"$79,122.74",Senior Polling Officer
Emma Wright,1974-05-25,emma.wright@outlook.com,34,Ph.D.,Female,Trincomalee,Station 12,Marketing Manager,University of Jaffna,6 years,"$104,347.63",Senior Polling Officer
Michael King,1970-04-03,michael.king@yahoo.com,27,Bachelor's Degree,Other,Galle,Station 29,Marketing Manager,University of Jaffna,1 years,"$38,092.15",Clerk
Logan Young,1951-02-21,logan.young@example.com,26,Bachelor's Degree,Female,Kandy,Station 50,Accountant,University of Moratuwa,3 years,"$61,413.54",Junior Polling Officer
Isabella Walker,1964-08-19,isabella.walker@gmail.com,60,Ph.D.,Female,Colombo,Station 39,Teacher,University of Jaffna,19 years,"$113,466.76",Senior Polling Officer
Daniel Taylor,1986-07-09,daniel.taylor@example.com,42,Bachelor's Degree,Other,Colombo,Station 38,Marketing Manager,University of Peradeniya,12 years,"$55,634.07",Junior Polling Officer
Noah King,1979-01-15,noah.king@gmail.com,48,High School Diploma,Female,Colombo,Station 46,Marketing Manager,University of Colombo,15 years,"$53,005.28",Clerk
Emily Hall,1990-02-28,emily.hall@example.com,53,High School Diploma,Other,Trincomalee,Station 5,Accountant,University of Jaffna,10 years,"$54,116.05",Clerk
Madison Allen,1980-10-07,madison.allen@example.com,44,High School Diploma,Female,Jaffna,Station 26,Teacher,University of Peradeniya,4 years,"$67,639.92",Clerk
Sophia Rodriguez,1975-05-27,sophia.rodriguez@outlook.com,33,High School Diploma,Female,Negombo,Station 20,Marketing Manager,University of Moratuwa,13 years,"$117,814.72",Clerk
Jackson Lewis,1967-03-25,jackson.lewis@example.com,30,Master's Degree,Other,Anuradhapura,Station 30,Marketing Manager,University of Moratuwa,18 years,"$98,086.85",Senior Polling Officer
Oliver Johnson,1983-06-27,oliver.johnson@outlook.com,63,High School Diploma,Other,Trincomalee,Station 18,Marketing Manager,University of Peradeniya,7 years,"$78,368.08",Clerk
Ryan Wilson,1966-12-24,ryan.wilson@yahoo.com,31,Master's Degree,Female,Galle,Station 1,Teacher,University of Peradeniya,5 years,"$48,547.68",Senior Polling Officer
Abigail Moore,1980-01-06,abigail.moore@outlook.com,63,High School Diploma,Other,Kandy,Station 16,Teacher,University of Jaffna,19 years,"$49,502.31",Clerk
Ethan Flores,1953-04-07,ethan.flores@example.com,46,Ph.D.,Other,Negombo,Station 41,Teacher,University of Peradeniya,15 years,"$66,591.5",Senior Polling Officer
Daniel Torres,1968-08-17,daniel.torres@example.com,27,Master's Degree,Female,Kandy,Station 36,Teacher,University of Peradeniya,6 years,"$77,679.18",Senior Polling Officer
Scarlett Garcia,1994-10-06,scarlett.garcia@outlook.com,59,Bachelor's Degree,Other,Jaffna,Station 40,Marketing Manager,University of Colombo,6 years,"$56,919.63",Junior Polling Officer
Jackson Nelson,1951-12-13,jackson.nelson@outlook.com,53,High School Diploma,Other,Jaffna,Station 22,Marketing Manager,University of Moratuwa,3 years,"$119,277.8",Clerk
Lucas Clark,1958-09-28,lucas.clark@example.com,35,Master's Degree,Female,Trincomalee,Station 34,Software Engineer,University of Moratuwa,2 years,"$59,082.11",Clerk
Harper Torres,1955-03-19,harper.torres@gmail.com,21,Ph.D.,Other,Colombo,Station 46,Doctor,University of Moratuwa,16 years,"$71,518.34",Senior Polling Officer
Abigail Young,1967-12-13,abigail.young@yahoo.com,24,High School Diploma,Male,Trincomalee,Station 49,Doctor,University of Jaffna,2 years,"$93,826.19",Clerk
Elijah Harris,1984-04-04,elijah.harris@yahoo.com,23,Master's Degree,Other,Kandy,Station 21,Marketing Manager,University of Moratuwa,11 years,"$80,029.67",Senior Polling Officer
Victoria Thomas,1960-03-09,victoria.thomas@example.com,35,High School Diploma,Other,Jaffna,Station 47,Teacher,University of Colombo,13 years,"$58,391.63",Clerk
William Hall,1992-02-22,william.hall@outlook.com,34,Ph.D.,Male,Anuradhapura,Station 14,Marketing Manager,University of Colombo,12 years,"$86,423.45",Senior Polling Officer
Ella Thompson,1962-09-13,ella.thompson@gmail.com,21,Master's Degree,Female,Anuradhapura,Station 20,Marketing Manager,University of Moratuwa,8 years,"$42,364.13",Senior Polling Officer
Ethan Gonzalez,1965-01-04,ethan.gonzalez@outlook.com,61,High School Diploma,Other,Kandy,Station 36,Software Engineer,University of Moratuwa,19 years,"$108,297.34",Clerk
Elijah Nelson,1965-02-19,elijah.nelson@outlook.com,54,Ph.D.,Other,Jaffna,Station 1,Doctor,University of Moratuwa,8 years,"$86,202.44",Senior Polling Officer
Mia Robinson,1953-05-02,mia.robinson@yahoo.com,21,High School Diploma,Male,Kandy,Station 5,Accountant,University of Moratuwa,8 years,"$25,898.84",Clerk
Abigail Harris,2000-03-18,abigail.harris@example.com,38,Bachelor's Degree,Female,Negombo,Station 40,Doctor,University of Colombo,13 years,"$76,904.18",Junior Polling Officer
James Harris,1958-11-02,james.harris@gmail.com,22,Ph.D.,Female,Trincomalee,Station 49,Marketing Manager,University of Colombo,11 years,"$73,855.76",Senior Polling Officer
Jackson Adams,1969-06-06,jackson.adams@example.com,41,Bachelor's Degree,Other,Kandy,Station 19,Accountant,University of Colombo,6 years,"$104,531.08",Junior Polling Officer
William Young,1954-04-14,william.young@gmail.com,39,Ph.D.,Female,Kandy,Station 3,Doctor,University of Peradeniya,8 years,"$33,613.49",Senior Polling Officer
Noah Nguyen,1985-12-04,noah.nguyen@yahoo.com,32,Bachelor's Degree,Male,Negombo,Station 13,Teacher,University of Colombo,0 years,"$81,916.55",Clerk
Mia Smith,1963-10-21,mia.smith@outlook.com,47,High School Diploma,Female,Colombo,Station 16,Marketing Manager,University of Jaffna,13 years,"$65,967.42",Clerk
Aiden Garcia,1970-06-28,aiden.garcia@yahoo.com,54,Master's Degree,Other,Anuradhapura,Station 13,Teacher,University of Jaffna,1 years,"$112,356.4",Clerk
Olivia Moore,1986-03-14,olivia.moore@gmail.com,25,Master's Degree,Male,Trincomalee,Station 25,Software Engineer,University of Colombo,17 years,"$28,032.28",Senior Polling Officer
John Nguyen,1961-09-20,john.nguyen@example.com,57,Master's Degree,Other,Galle,Station 16,Accountant,University of Moratuwa,5 years,"$37,870.5",Senior Polling Officer
Amelia Rivera,1959-01-19,amelia.rivera@gmail.com,25,Master's Degree,Female,Galle,Station 5,Accountant,University of Jaffna,7 years,"$41,451.19",Senior Polling Officer
David Thomas,1965-02-09,david.thomas@gmail.com,52,High School Diploma,Male,Negombo,Station 1,Marketing Manager,University of Moratuwa,19 years,"$49,996.75",Clerk
Nathan Jackson,1974-08-17,nathan.jackson@example.com,64,Bachelor's Degree,Female,Galle,Station 31,Doctor,University of Peradeniya,11 years,"$51,337.24",Junior Polling Officer
Scarlett Wright,1958-03-13,scarlett.wright@example.com,52,Master's Degree,Other,Anuradhapura,Station 37,Teacher,University of Moratuwa,13 years,"$71,882.23",Senior Polling Officer
James Clark,1963-11-18,james.clark@outlook.com,21,Ph.D.,Female,Trincomalee,Station 11,Marketing Manager,University of Moratuwa,0 years,"$95,787.4",Clerk
Mason Lewis,2000-02-09,mason.lewis@gmail.com,25,Ph.D.,Other,Negombo,Station 42,Accountant,University of Peradeniya,20 years,"$64,134.14",Senior Polling Officer
Alexander Hill,2003-01-08,alexander.hill@gmail.com,45,Master's Degree,Female,Trincomalee,Station 31,Doctor,University of Colombo,1 years,"$68,046.37",Clerk
Nathan Bell,1961-07-10,nathan.bell@outlook.com,60,Bachelor's Degree,Female,Kandy,Station 24,Teacher,University of Moratuwa,15 years,"$55,782.84",Junior Polling Officer
Madison Davis,1975-02-15,madison.davis@yahoo.com,47,High School Diploma,Other,Anuradhapura,Station 30,Doctor,University of Jaffna,16 years,"$80,084.74",Clerk
Ethan Martinez,1994-12-06,ethan.martinez@gmail.com,47,Master's Degree,Female,Jaffna,Station 14,Accountant,University of Jaffna,13 years,"$81,334.27",Senior Polling Officer
Lily Gonzalez,2002-04-11,lily.gonzalez@yahoo.com,63,Ph.D.,Female,Colombo,Station 39,Doctor,University of Colombo,12 years,"$45,017.53",Senior Polling Officer
Oliver King,1994-12-22,oliver.king@yahoo.com,50,Bachelor's Degree,Male,Colombo,Station 36,Teacher,University of Colombo,9 years,"$115,127.31",Junior Polling Officer
Leo Clark,1967-10-07,leo.clark@example.com,64,Ph.D.,Female,Colombo,Station 36,Accountant,University of Peradeniya,19 years,"$96,755.59",Senior Polling Officer
Victoria Lewis,1998-08-03,victoria.lewis@yahoo.com,27,Master's Degree,Other,Galle,Station 14,Accountant,University of Colombo,20 years,"$88,130.54",Senior Polling Officer
Alexander Clark,1984-05-11,alexander.clark@example.com,59,High School Diploma,Male,Colombo,Station 44,Accountant,University of Colombo,9 years,"$41,993.17",Clerk
Madison Lewis,1955-09-05,madison.lewis@example.com,63,Bachelor's Degree,Other,Jaffna,Station 8,Marketing Manager,University of Moratuwa,9 years,"$47,464.22",Junior Polling Officer
Nathan Torres,1976-06-18,nathan.torres@example.com,56,Bachelor's Degree,Male,Galle,Station 21,Teacher,University of Colombo,3 years,"$34,221.02",Junior Polling Officer
Samantha Rivera,1959-11-26,samantha.rivera@outlook.com,34,High School Diploma,Other,Colombo,Station 32,Software Engineer,University of Moratuwa,16 years,"$80,411.64",Clerk
Zoe Anderson,1968-02-07,zoe.anderson@outlook.com,26,Ph.D.,Female,Galle,Station 43,Doctor,University of Jaffna,8 years,"$98,670.93",Senior Polling Officer
Elijah Garcia,1991-07-06,elijah.garcia@example.com,34,Master's Degree,Other,Negombo,Station 31,Doctor,University of Peradeniya,2 years,"$48,003.65",Clerk
Carter Smith,1970-02-22,carter.smith@example.com,56,High School Diploma,Female,Jaffna,Station 14,Software Engineer,University of Jaffna,7 years,"$78,271.13",Clerk
Chloe Martin,1998-01-04,chloe.martin@outlook.com,20,High School Diploma,Male,Colombo,Station 21,Accountant,University of Jaffna,16 years,"$68,029.61",Clerk
James Harris,1956-06-16,james.harris@outlook.com,62,High School Diploma,Male,Colombo,Station 3,Doctor,University of Colombo,15 years,"$74,278.11",Clerk
Chloe Thomas,1965-07-27,chloe.thomas@example.com,34,Master's Degree,Female,Galle,Station 45,Marketing Manager,University of Peradeniya,19 years,"$76,097.43",Senior Polling Officer
Michael Wright,1957-03-20,michael.wright@example.com,38,Ph.D.,Other,Colombo,Station 30,Teacher,University of Jaffna,10 years,"$84,400.52",Senior Polling Officer
Jackson Clark,1991-09-02,jackson.clark@outlook.com,30,Bachelor's Degree,Male,Trincomalee,Station 50,Software Engineer,University of Jaffna,2 years,"$76,083.36",Junior Polling Officer
Michael Anderson,2001-09-03,michael.anderson@yahoo.com,55,Ph.D.,Other,Negombo,Station 18,Doctor,University of Moratuwa,7 years,"$47,441.63",Senior Polling Officer
Ava Smith,1997-11-19,ava.smith@yahoo.com,34,Master's Degree,Male,Galle,Station 50,Marketing Manager,University of Moratuwa,14 years,"$49,316.31",Senior Polling Officer
Carter Flores,1984-09-18,carter.flores@example.com,56,Master's Degree,Other,Colombo,Station 1,Accountant,University of Jaffna,17 years,"$29,815.51",Senior Polling Officer
Aria Jackson,1963-07-03,aria.jackson@outlook.com,43,Master's Degree,Other,Colombo,Station 11,Marketing Manager,University of Colombo,8 years,"$99,756.55",Senior Polling Officer
Daniel Sanchez,1983-12-20,daniel.sanchez@example.com,59,High School Diploma,Male,Negombo,Station 20,Teacher,University of Peradeniya,8 years,"$31,201.55",Clerk
Michael Hall,1983-05-27,michael.hall@example.com,54,High School Diploma,Other,Trincomalee,Station 9,Doctor,University of Colombo,3 years,"$42,272.08",Clerk
Chloe Davis,1953-10-10,chloe.davis@example.com,34,Master's Degree,Male,Colombo,Station 24,Doctor,University of Moratuwa,5 years,"$43,306.35",Senior Polling Officer
Daniel Scott,2001-04-13,daniel.scott@gmail.com,55,Ph.D.,Female,Colombo,Station 27,Teacher,University of Colombo,11 years,"$52,409.07",Senior Polling Officer
Emily Thompson,1970-09-28,emily.thompson@example.com,52,Ph.D.,Male,Kandy,Station 50,Accountant,University of Colombo,4 years,"$40,342.14",Clerk
Amelia Hall,1993-11-08,amelia.hall@gmail.com,65,Ph.D.,Female,Galle,Station 13,Teacher,University of Peradeniya,20 years,"$35,671.36",Senior Polling Officer
Lucas Ramirez,1978-05-03,lucas.ramirez@example.com,39,Bachelor's Degree,Other,Trincomalee,Station 22,Accountant,University of Jaffna,1 years,"$81,401.01",Clerk
Mia Young,1958-06-28,mia.young@outlook.com,49,Master's Degree,Female,Galle,Station 5,Marketing Manager,University of Colombo,11 years,"$61,589.0",Senior Polling Officer
Elijah Rivera,1982-06-24,elijah.rivera@example.com,35,Bachelor's Degree,Male,Galle,Station 39,Accountant,University of Jaffna,12 years,"$62,132.51",Junior Polling Officer
Elijah Lopez,1997-07-26,elijah.lopez@outlook.com,24,High School Diploma,Other,Anuradhapura,Station 32,Doctor,University of Jaffna,9 years,"$116,369.85",Clerk
Aiden Jackson,2000-11-27,aiden.jackson@example.com,62,Bachelor's Degree,Female,Jaffna,Station 19,Software Engineer,University of Jaffna,20 years,"$51,252.44",Junior Polling Officer
Leo Wilson,1964-06-02,leo.wilson@example.com,48,Ph.D.,Female,Negombo,Station 50,Teacher,University of Peradeniya,2 years,"$51,381.78",Clerk
Aria Taylor,1971-01-27,aria.taylor@example.com,47,Master's Degree,Male,Negombo,Station 44,Doctor,University of Jaffna,20 years,"$76,451.43",Senior Polling Officer
Zoe Rivera,2000-07-09,zoe.rivera@gmail.com,32,High School Diploma,Female,Kandy,Station 24,Marketing Manager,University of Peradeniya,4 years,"$39,029.5",Clerk
Charlotte Hall,1972-06-06,charlotte.hall@outlook.com,45,Bachelor's Degree,Other,Negombo,Station 18,Software Engineer,University of Peradeniya,12 years,"$107,530.42",Junior Polling Officer
Ella Clark,1955-11-16,ella.clark@yahoo.com,57,Master's Degree,Other,Negombo,Station 44,Marketing Manager,University of Colombo,15 years,"$31,953.1",Senior Polling Officer
Ava Robinson,1969-10-14,ava.robinson@yahoo.com,45,Ph.D.,Other,Jaffna,Station 31,Teacher,University of Jaffna,9 years,"$29,053.22",Senior Polling Officer
David Nguyen,1966-12-07,david.nguyen@example.com,63,Master's Degree,Female,Colombo,Station 1,Accountant,University of Moratuwa,7 years,"$88,710.75",Senior Polling Officer
James Smith,1998-06-01,james.smith@example.com,57,Ph.D.,Other,Trincomalee,Station 45,Doctor,University of Colombo,5 years,"$115,821.83",Senior Polling Officer
Mason Perez,1954-10-03,mason.perez@outlook.com,49,Master's Degree,Female,Colombo,Station 19,Accountant,University of Jaffna,1 years,"$75,189.55",Clerk
Jackson Nguyen,2000-03-09,jackson.nguyen@gmail.com,43,High School Diploma,Female,Galle,Station 10,Marketing Manager,University of Peradeniya,8 years,"$102,606.03",Clerk
Scarlett Taylor,1972-08-04,scarlett.taylor@example.com,53,Bachelor's Degree,Female,Trincomalee,Station 4,Accountant,University of Moratuwa,6 years,"$82,712.88",Junior Polling Officer
Ella Adams,1989-03-17,ella.adams@example.com,55,Ph.D.,Male,Galle,Station 44,Accountant,University of Colombo,5 years,"$38,228.7",Senior Polling Officer
Charlotte Torres,1956-02-27,charlotte.torres@gmail.com,44,Bachelor's Degree,Male,Anuradhapura,Station 5,Accountant,University of Colombo,11 years,"$33,371.98",Junior Polling Officer
Carter Lee,1980-09-15,carter.lee@gmail.com,46,High School Diploma,Male,Kandy,Station 49,Software Engineer,University of Colombo,15 years,"$108,840.45",Clerk
Mia Thompson,1975-06-16,mia.thompson@example.com,57,Master's Degree,Female,Negombo,Station 43,Software Engineer,University of Moratuwa,2 years,"$79,260.35",Clerk
Mia Lewis,1970-09-23,mia.lewis@example.com,30,Master's Degree,Male,Trincomalee,Station 6,Doctor,University of Jaffna,5 years,"$71,567.62",Senior Polling Officer
Sophia Clark,2002-12-12,sophia.clark@example.com,42,High School Diploma,Other,Jaffna,Station 9,Marketing Manager,University of Jaffna,10 years,"$78,689.17",Clerk
Leo Jones,1958-04-09,leo.jones@example.com,21,Bachelor's Degree,Female,Galle,Station 24,Accountant,University of Colombo,5 years,"$105,249.58",Junior Polling Officer
Scarlett Walker,1980-10-21,scarlett.walker@gmail.com,21,Master's Degree,Female,Galle,Station 19,Accountant,University of Jaffna,5 years,"$74,702.22",Senior Polling Officer
Harper Lee,1968-04-05,harper.lee@example.com,33,Ph.D.,Male,Trincomalee,Station 36,Teacher,University of Peradeniya,13 years,"$98,759.0",Senior Polling Officer
Emily Ramirez,1972-09-26,emily.ramirez@example.com,57,Bachelor's Degree,Other,Trincomalee,Station 6,Doctor,University of Colombo,12 years,"$38,934.03",Junior Polling Officer
Elijah Martinez,1953-02-20,elijah.martinez@yahoo.com,53,Bachelor's Degree,Other,Anuradhapura,Station 46,Doctor,University of Colombo,19 years,"$60,293.3",Junior Polling Officer
Elijah Jones,1982-12-13,elijah.jones@gmail.com,26,Bachelor's Degree,Male,Jaffna,Station 44,Teacher,University of Jaffna,13 years,"$94,879.48",Junior Polling Officer
Victoria Lewis,1974-11-16,victoria.lewis@outlook.com,20,Bachelor's Degree,Male,Negombo,Station 3,Teacher,University of Jaffna,8 years,"$30,777.72",Junior Polling Officer
Sophia Rodriguez,1951-01-06,sophia.rodriguez@example.com,64,Ph.D.,Other,Negombo,Station 15,Software Engineer,University of Peradeniya,16 years,"$38,604.39",Senior Polling Officer
William Taylor,1965-06-22,william.taylor@outlook.com,23,Bachelor's Degree,Female,Negombo,Station 9,Doctor,University of Colombo,18 years,"$51,490.97",Junior Polling Officer
Olivia Rivera,1980-11-21,olivia.rivera@gmail.com,62,Master's Degree,Male,Jaffna,Station 18,Software Engineer,University of Peradeniya,2 years,"$111,672.7",Clerk
Olivia Rodriguez,1982-03-26,olivia.rodriguez@gmail.com,55,Bachelor's Degree,Female,Jaffna,Station 47,Doctor,University of Moratuwa,19 years,"$95,895.99",Junior Polling Officer
Carter Thompson,1957-04-26,carter.thompson@example.com,25,Bachelor's Degree,Male,Anuradhapura,Station 29,Software Engineer,University of Jaffna,19 years,"$62,600.81",Junior Polling Officer
Lucas Lee,1981-05-07,lucas.lee@gmail.com,33,Bachelor's Degree,Male,Kandy,Station 18,Marketing Manager,University of Moratuwa,13 years,"$29,881.65",Junior Polling Officer
Scarlett Sanchez,1959-02-13,scarlett.sanchez@gmail.com,37,High School Diploma,Other,Jaffna,Station 30,Teacher,University of Colombo,16 years,"$43,673.69",Clerk
Ava Baker,1992-05-26,ava.baker@example.com,35,Master's Degree,Male,Negombo,Station 47,Doctor,University of Moratuwa,9 years,"$90,099.19",Senior Polling Officer
Elijah Adams,1978-10-10,elijah.adams@example.com,55,Master's Degree,Other,Negombo,Station 8,Accountant,University of Jaffna,7 years,"$101,361.15",Senior Polling Officer
Aiden Miller,1966-12-22,aiden.miller@example.com,36,Bachelor's Degree,Female,Trincomalee,Station 2,Software Engineer,University of Jaffna,1 years,"$99,609.86",Clerk
Mason Smith,1992-07-08,mason.smith@example.com,38,Master's Degree,Female,Anuradhapura,Station 22,Teacher,University of Jaffna,8 years,"$80,868.41",Senior Polling Officer
Scarlett Torres,1992-06-24,scarlett.torres@gmail.com,62,Master's Degree,Other,Jaffna,Station 48,Teacher,University of Jaffna,3 years,"$68,119.28",Senior Polling Officer
Zoe Scott,1994-02-16,zoe.scott@yahoo.com,62,High School Diploma,Male,Jaffna,Station 8,Teacher,University of Colombo,16 years,"$100,702.09",Clerk
Madison Jackson,1980-11-07,madison.jackson@outlook.com,41,High School Diploma,Male,Kandy,Station 30,Software Engineer,University of Jaffna,4 years,"$52,272.95",Clerk
Chloe Moore,1975-02-05,chloe.moore@outlook.com,55,Bachelor's Degree,Male,Anuradhapura,Station 12,Doctor,University of Peradeniya,17 years,"$101,750.02",Junior Polling Officer
Michael Allen,1993-03-25,michael.allen@yahoo.com,24,Ph.D.,Female,Colombo,Station 11,Software Engineer,University of Peradeniya,3 years,"$53,392.76",Clerk
John Lee,1958-03-02,john.lee@yahoo.com,40,Master's Degree,Other,Jaffna,Station 43,Teacher,University of Moratuwa,18 years,"$88,640.85",Senior Polling Officer
Grace Scott,1960-10-24,grace.scott@gmail.com,57,Bachelor's Degree,Female,Negombo,Station 30,Software Engineer,University of Colombo,15 years,"$39,977.39",Junior Polling Officer
Liam Taylor,1978-02-13,liam.taylor@outlook.com,40,Bachelor's Degree,Male,Anuradhapura,Station 34,Marketing Manager,University of Colombo,0 years,"$40,690.54",Clerk
Sofia Hernandez,1971-08-02,sofia.hernandez@example.com,47,Master's Degree,Other,Galle,Station 31,Software Engineer,University of Moratuwa,3 years,"$71,215.1",Senior Polling Officer
Daniel Nelson,1951-12-28,daniel.nelson@yahoo.com,52,Master's Degree,Other,Colombo,Station 39,Doctor,University of Moratuwa,18 years,"$91,063.13",Senior Polling Officer
Abigail Hall,1997-04-03,abigail.hall@gmail.com,43,High School Diploma,Female,Anuradhapura,Station 2,Accountant,University of Peradeniya,0 years,"$94,369.58",Clerk
Ava Gonzalez,1987-11-17,ava.gonzalez@outlook.com,48,Bachelor's Degree,Female,Galle,Station 34,Accountant,University of Peradeniya,13 years,"$74,520.1",Junior Polling Officer
Mia Flores,1954-09-04,mia.flores@gmail.com,56,Bachelor's Degree,Other,Colombo,Station 22,Marketing Manager,University of Colombo,11 years,"$25,829.73",Junior Polling Officer
Michael Ramirez,1998-10-09,michael.ramirez@yahoo.com,56,High School Diploma,Female,Trincomalee,Station 4,Marketing Manager,University of Colombo,14 years,"$106,206.16",Clerk
Ava Sanchez,1950-05-18,ava.sanchez@yahoo.com,51,High School Diploma,Male,Kandy,Station 31,Accountant,University of Jaffna,10 years,"$75,394.39",Clerk
Scarlett Thomas,1992-10-25,scarlett.thomas@gmail.com,27,Ph.D.,Other,Jaffna,Station 38,Marketing Manager,University of Jaffna,15 years,"$54,493.69",Senior Polling Officer
Olivia Robinson,2000-02-25,olivia.robinson@outlook.com,64,Ph.D.,Female,Jaffna,Station 34,Accountant,University of Jaffna,10 years,"$38,612.08",Senior Polling Officer
Scarlett Sanchez,1959-10-05,scarlett.sanchez@outlook.com,52,Ph.D.,Other,Galle,Station 20,Doctor,University of Jaffna,13 years,"$83,189.78",Senior Polling Officer
Aria Nguyen,2003-08-03,aria.nguyen@outlook.com,64,Master's Degree,Other,Jaffna,Station 15,Teacher,University of Moratuwa,6 years,"$94,841.45",Senior Polling Officer
Noah Nelson,1982-09-11,noah.nelson@yahoo.com,28,High School Diploma,Male,Anuradhapura,Station 22,Teacher,University of Colombo,17 years,"$35,983.93",Clerk
Ava Thompson,1981-01-09,ava.thompson@gmail.com,45,High School Diploma,Female,Galle,Station 45,Teacher,University of Peradeniya,5 years,"$75,019.96",Clerk
Mia Hill,1966-07-19,mia.hill@yahoo.com,37,High School Diploma,Male,Anuradhapura,Station 32,Marketing Manager,University of Moratuwa,18 years,"$93,297.12",Clerk
Emily Robinson,1956-06-19,emily.robinson@example.com,51,Bachelor's Degree,Other,Jaffna,Station 44,Teacher,University of Jaffna,8 years,"$90,512.71",Junior Polling Officer
Leo Hall,1993-11-03,leo.hall@outlook.com,52,Master's Degree,Other,Galle,Station 47,Doctor,University of Moratuwa,16 years,"$37,104.07",Senior Polling Officer
Alexander Hall,1967-03-05,alexander.hall@yahoo.com,57,Master's Degree,Other,Jaffna,Station 34,Accountant,University of Colombo,4 years,"$86,467.4",Senior Polling Officer
Chloe Smith,1991-06-06,chloe.smith@example.com,28,Bachelor's Degree,Other,Galle,Station 13,Accountant,University of Jaffna,0 years,"$79,764.44",Clerk
Charlotte Rodriguez,1991-01-03,charlotte.rodriguez@gmail.com,32,Bachelor's Degree,Male,Kandy,Station 18,Doctor,University of Colombo,12 years,"$52,445.39",Junior Polling Officer
Lucas Lopez,1959-10-14,lucas.lopez@yahoo.com,57,High School Diploma,Male,Kandy,Station 34,Accountant,University of Jaffna,1 years,"$46,815.73",Clerk
Logan Adams,1970-12-18,logan.adams@gmail.com,33,Bachelor's Degree,Female,Trincomalee,Station 39,Doctor,University of Moratuwa,14 years,"$116,322.9",Junior Polling Officer
Emily Martin,1991-08-14,emily.martin@gmail.com,63,Master's Degree,Female,Trincomalee,Station 43,Accountant,University of Colombo,10 years,"$110,045.79",Senior Polling Officer
Scarlett King,1959-09-16,scarlett.king@gmail.com,35,Bachelor's Degree,Female,Anuradhapura,Station 26,Software Engineer,University of Colombo,4 years,"$33,656.69",Junior Polling Officer
Henry Rodriguez,1959-12-04,henry.rodriguez@gmail.com,57,Master's Degree,Other,Galle,Station 41,Accountant,University of Peradeniya,16 years,"$101,388.18",Senior Polling Officer
James Lopez,1986-04-24,james.lopez@gmail.com,49,Master's Degree,Male,Galle,Station 27,Software Engineer,University of Moratuwa,11 years,"$35,915.23",Senior Polling Officer
Isabella Hill,1997-04-21,isabella.hill@example.com,36,Bachelor's Degree,Male,Kandy,Station 24,Teacher,University of Moratuwa,10 years,"$92,033.78",Junior Polling Officer
David Thomas,1978-06-12,david.thomas@outlook.com,56,Master's Degree,Other,Anuradhapura,Station 17,Doctor,University of Peradeniya,3 years,"$103,670.93",Senior Polling Officer
Logan Taylor,2002-06-03,logan.taylor@outlook.com,37,Master's Degree,Other,Trincomalee,Station 19,Marketing Manager,University of Moratuwa,18 years,"$70,096.05",Senior Polling Officer
Liam Hill,1996-01-23,liam.hill@gmail.com,49,Bachelor's Degree,Female,Kandy,Station 4,Software Engineer,University of Colombo,6 years,"$116,400.79",Junior Polling Officer
Henry King,1985-06-19,henry.king@yahoo.com,30,Bachelor's Degree,Female,Anuradhapura,Station 16,Accountant,University of Moratuwa,20 years,"$105,240.97",Junior Polling Officer
Sofia Martinez,1980-12-09,sofia.martinez@outlook.com,61,Master's Degree,Male,Colombo,Station 35,Software Engineer,University of Peradeniya,5 years,"$65,189.06",Senior Polling Officer
Mia Flores,1994-09-07,mia.flores@outlook.com,25,Bachelor's Degree,Male,Trincomalee,Station 7,Accountant,University of Jaffna,17 years,"$64,104.59",Junior Polling Officer
John Thompson,1978-11-26,john.thompson@example.com,38,High School Diploma,Female,Kandy,Station 47,Doctor,University of Peradeniya,6 years,"$99,310.72",Clerk
Noah Anderson,1953-02-05,noah.anderson@yahoo.com,58,Master's Degree,Other,Colombo,Station 12,Marketing Manager,University of Jaffna,18 years,"$86,021.66",Senior Polling Officer
Sofia Green,1961-01-03,sofia.green@outlook.com,64,High School Diploma,Other,Negombo,Station 2,Software Engineer,University of Moratuwa,5 years,"$39,536.46",Clerk
Grace Green,2003-07-02,grace.green@outlook.com,24,Master's Degree,Female,Kandy,Station 14,Teacher,University of Moratuwa,17 years,"$113,162.57",Senior Polling Officer
Daniel Brown,2001-02-02,daniel.brown@yahoo.com,36,Bachelor's Degree,Male,Jaffna,Station 25,Accountant,University of Jaffna,9 years,"$48,259.64",Junior Polling Officer
Isabella Clark,1984-02-16,isabella.clark@gmail.com,24,Bachelor's Degree,Other,Galle,Station 33,Accountant,University of Colombo,0 years,"$108,176.43",Clerk
John Nguyen,2002-06-16,john.nguyen@yahoo.com,23,Master's Degree,Male,Anuradhapura,Station 14,Accountant,University of Peradeniya,18 years,"$58,477.31",Senior Polling Officer
Liam Hill,1975-11-15,liam.hill@gmail.com,49,Master's Degree,Male,Colombo,Station 16,Doctor,University of Moratuwa,6 years,"$48,476.69",Senior Polling Officer
Aria Thompson,1979-02-08,aria.thompson@yahoo.com,20,Bachelor's Degree,Other,Trincomalee,Station 39,Accountant,University of Moratuwa,15 years,"$26,622.1",Junior Polling Officer
Lily Adams,1966-05-26,lily.adams@gmail.com,23,Master's Degree,Female,Negombo,Station 35,Software Engineer,University of Colombo,1 years,"$86,660.03",Clerk
Ava Taylor,1970-08-22,ava.taylor@gmail.com,27,Ph.D.,Other,Colombo,Station 17,Doctor,University of Jaffna,3 years,"$99,948.02",Clerk
Logan Walker,1973-05-28,logan.walker@example.com,20,Master's Degree,Other,Anuradhapura,Station 18,Marketing Manager,University of Jaffna,6 years,"$102,097.47",Senior Polling Officer
Noah White,1989-10-25,noah.white@example.com,48,Bachelor's Degree,Male,Negombo,Station 28,Accountant,University of Colombo,20 years,"$61,011.5",Junior Polling Officer
James Nguyen,1960-01-13,james.nguyen@outlook.com,38,Ph.D.,Male,Kandy,Station 21,Teacher,University of Peradeniya,6 years,"$91,863.43",Senior Polling Officer
Carter Martinez,1989-04-21,carter.martinez@gmail.com,30,Master's Degree,Female,Anuradhapura,Station 28,Marketing Manager,University of Colombo,3 years,"$70,689.03",Senior Polling Officer
Mason Brown,1984-05-21,mason.brown@gmail.com,36,High School Diploma,Other,Anuradhapura,Station 5,Teacher,University of Moratuwa,6 years,"$29,186.76",Clerk
Samantha Martinez,2002-03-20,samantha.martinez@example.com,61,High School Diploma,Male,Anuradhapura,Station 1,Software Engineer,University of Colombo,13 years,"$96,243.85",Clerk
Mia Lee,1989-01-01,mia.lee@gmail.com,40,Master's Degree,Other,Negombo,Station 47,Doctor,University of Moratuwa,15 years,"$97,569.55",Senior Polling Officer
Aiden Hernandez,1994-02-14,aiden.hernandez@gmail.com,40,High School Diploma,Male,Negombo,Station 47,Teacher,University of Colombo,19 years,"$104,177.92",Clerk
Abigail Hall,2000-04-08,abigail.hall@outlook.com,27,Bachelor's Degree,Other,Colombo,Station 39,Marketing Manager,University of Moratuwa,3 years,"$50,528.16",Junior Polling Officer
Samantha Thompson,1976-06-02,samantha.thompson@example.com,29,Ph.D.,Male,Anuradhapura,Station 30,Software Engineer,University of Peradeniya,18 years,"$85,317.56",Senior Polling Officer
Liam Martinez,1977-05-10,liam.martinez@yahoo.com,54,Bachelor's Degree,Other,Galle,Station 50,Accountant,University of Moratuwa,17 years,"$88,134.81",Junior Polling Officer
Zoe Sanchez,1973-05-16,zoe.sanchez@yahoo.com,21,Master's Degree,Male,Anuradhapura,Station 43,Marketing Manager,University of Colombo,14 years,"$79,258.86",Senior Polling Officer
Abigail Lopez,1956-07-27,abigail.lopez@gmail.com,20,Ph.D.,Male,Galle,Station 14,Doctor,University of Jaffna,18 years,"$43,722.5",Senior Polling Officer
Carter Lopez,1993-05-04,carter.lopez@gmail.com,46,Bachelor's Degree,Male,Negombo,Station 9,Accountant,University of Colombo,11 years,"$40,137.92",Junior Polling Officer
Harper Baker,1954-05-25,harper.baker@example.com,49,Master's Degree,Female,Kandy,Station 14,Teacher,University of Moratuwa,10 years,"$102,602.91",Senior Polling Officer
Amelia Lopez,1974-03-21,amelia.lopez@example.com,50,High School Diploma,Other,Galle,Station 10,Accountant,University of Peradeniya,13 years,"$94,634.06",Clerk
Ethan Williams,1998-12-06,ethan.williams@yahoo.com,29,Bachelor's Degree,Other,Trincomalee,Station 16,Accountant,University of Jaffna,13 years,"$59,668.77",Junior Polling Officer
James Green,1958-03-10,james.green@gmail.com,59,Bachelor's Degree,Other,Negombo,Station 13,Doctor,University of Jaffna,1 years,"$116,092.79",Clerk
Mia Nelson,1978-10-23,mia.nelson@gmail.com,31,Bachelor's Degree,Male,Trincomalee,Station 9,Doctor,University of Jaffna,6 years,"$44,256.94",Junior Polling Officer
Michael Torres,1963-04-19,michael.torres@outlook.com,30,Bachelor's Degree,Other,Galle,Station 19,Software Engineer,University of Jaffna,6 years,"$101,157.3",Junior Polling Officer
Noah Bell,1966-09-27,noah.bell@gmail.com,26,Master's Degree,Female,Jaffna,Station 32,Marketing Manager,University of Colombo,8 years,"$85,521.33",Senior Polling Officer
David Thompson,1969-11-19,david.thompson@gmail.com,38,Ph.D.,Female,Jaffna,Station 21,Teacher,University of Jaffna,6 years,"$25,525.34",Senior Polling Officer
Lucas Adams,1957-12-05,lucas.adams@gmail.com,59,Master's Degree,Other,Negombo,Station 44,Accountant,University of Colombo,15 years,"$79,753.21",Senior Polling Officer
Mason White,1976-02-06,mason.white@example.com,34,Bachelor's Degree,Male,Colombo,Station 28,Accountant,University of Moratuwa,16 years,"$103,533.1",Junior Polling Officer
Scarlett Perez,1990-06-06,scarlett.perez@yahoo.com,44,Ph.D.,Other,Anuradhapura,Station 40,Accountant,University of Colombo,0 years,"$37,536.28",Clerk
Alexander Lewis,1988-09-16,alexander.lewis@yahoo.com,38,Bachelor's Degree,Female,Negombo,Station 34,Marketing Manager,University of Moratuwa,9 years,"$31,473.87",Junior Polling Officer
Mason Flores,1989-09-20,mason.flores@outlook.com,63,Master's Degree,Male,Galle,Station 4,Accountant,University of Colombo,2 years,"$97,339.59",Clerk
Leo Hill,1986-06-17,leo.hill@gmail.com,42,Ph.D.,Other,Kandy,Station 31,Marketing Manager,University of Jaffna,2 years,"$32,284.53",Clerk
Benjamin Harris,1976-02-03,benjamin.harris@outlook.com,37,Ph.D.,Other,Anuradhapura,Station 48,Accountant,University of Colombo,8 years,"$106,666.38",Senior Polling Officer
Benjamin Jones,1966-10-18,benjamin.jones@example.com,61,Master's Degree,Other,Kandy,Station 33,Accountant,University of Colombo,1 years,"$34,818.35",Clerk
Chloe Sanchez,1973-07-22,chloe.sanchez@gmail.com,58,Ph.D.,Male,Negombo,Station 31,Marketing Manager,University of Colombo,8 years,"$61,039.84",Senior Polling Officer
William Gonzalez,1982-12-20,william.gonzalez@example.com,26,Bachelor's Degree,Female,Kandy,Station 32,Marketing Manager,University of Peradeniya,15 years,"$38,193.0",Junior Polling Officer
Elijah Taylor,1995-11-19,elijah.taylor@yahoo.com,41,Master's Degree,Other,Kandy,Station 18,Doctor,University of Colombo,2 years,"$74,284.71",Clerk
Aria Lewis,1990-06-15,aria.lewis@gmail.com,42,Master's Degree,Male,Galle,Station 11,Marketing Manager,University of Jaffna,1 years,"$73,553.62",Clerk
Amelia Perez,1990-03-14,amelia.perez@outlook.com,54,High School Diploma,Other,Negombo,Station 31,Doctor,University of Moratuwa,14 years,"$98,891.03",Clerk
Ava Lee,1965-12-27,ava.lee@example.com,41,High School Diploma,Female,Galle,Station 30,Marketing Manager,University of Jaffna,9 years,"$54,496.89",Clerk
Emma Lee,1988-12-05,emma.lee@example.com,45,High School Diploma,Male,Galle,Station 31,Marketing Manager,University of Moratuwa,18 years,"$40,574.33",Clerk
Logan Hill,1962-11-27,logan.hill@gmail.com,33,Ph.D.,Female,Galle,Station 30,Software Engineer,University of Moratuwa,6 years,"$80,079.95",Senior Polling Officer
Oliver Flores,1960-09-22,oliver.flores@gmail.com,34,High School Diploma,Female,Jaffna,Station 2,Teacher,University of Moratuwa,1 years,"$65,826.32",Clerk
Oliver King,1968-08-20,oliver.king@outlook.com,62,Ph.D.,Female,Negombo,Station 20,Doctor,University of Jaffna,4 years,"$80,442.2",Clerk
Grace Allen,1995-04-24,grace.allen@example.com,41,High School Diploma,Female,Negombo,Station 14,Marketing Manager,University of Jaffna,14 years,"$40,508.48",Clerk
Samantha Wright,1979-03-05,samantha.wright@gmail.com,52,High School Diploma,Male,Colombo,Station 11,Accountant,University of Peradeniya,13 years,"$29,126.84",Clerk
Madison Johnson,1968-05-22,madison.johnson@yahoo.com,22,Ph.D.,Female,Jaffna,Station 37,Doctor,University of Moratuwa,10 years,"$62,316.6",Senior Polling Officer
Sofia Nelson,1994-02-13,sofia.nelson@example.com,48,Bachelor's Degree,Male,Kandy,Station 14,Software Engineer,University of Peradeniya,20 years,"$35,501.0",Junior Polling Officer
Isabella King,1998-12-14,isabella.king@outlook.com,59,Ph.D.,Other,Negombo,Station 32,Doctor,University of Peradeniya,5 years,"$37,920.65",Senior Polling Officer
Jackson Sanchez,1992-09-09,jackson.sanchez@outlook.com,38,Bachelor's Degree,Female,Colombo,Station 13,Doctor,University of Jaffna,5 years,"$77,699.85",Junior Polling Officer
Ava Wright,1974-01-03,ava.wright@yahoo.com,55,Master's Degree,Other,Colombo,Station 31,Accountant,University of Jaffna,14 years,"$96,199.67",Senior Polling Officer
Elijah Robinson,1986-11-26,elijah.robinson@gmail.com,21,High School Diploma,Male,Jaffna,Station 13,Accountant,University of Moratuwa,16 years,"$111,694.32",Clerk
Grace Rodriguez,1965-01-25,grace.rodriguez@yahoo.com,56,Ph.D.,Other,Kandy,Station 33,Teacher,University of Colombo,3 years,"$98,157.15",Clerk
Charlotte Allen,1996-09-14,charlotte.allen@yahoo.com,47,High School Diploma,Male,Trincomalee,Station 31,Accountant,University of Moratuwa,17 years,"$88,981.79",Clerk
Logan Nelson,1968-11-10,logan.nelson@example.com,45,Bachelor's Degree,Other,Trincomalee,Station 31,Teacher,University of Jaffna,11 years,"$25,870.77",Junior Polling Officer
Lily Hernandez,1968-06-04,lily.hernandez@outlook.com,46,Ph.D.,Male,Galle,Station 26,Accountant,University of Jaffna,6 years,"$70,910.5",Senior Polling Officer
Ella Hill,1993-01-22,ella.hill@yahoo.com,53,Bachelor's Degree,Female,Galle,Station 44,Doctor,University of Peradeniya,18 years,"$44,882.48",Junior Polling Officer
Sofia Thomas,1976-07-26,sofia.thomas@yahoo.com,49,High School Diploma,Other,Colombo,Station 4,Doctor,University of Jaffna,4 years,"$30,011.89",Clerk
Liam Thompson,1977-05-20,liam.thompson@gmail.com,38,Ph.D.,Male,Kandy,Station 32,Doctor,University of Moratuwa,9 years,"$65,024.21",Senior Polling Officer
James Nelson,1965-12-03,james.nelson@yahoo.com,40,High School Diploma,Other,Anuradhapura,Station 12,Teacher,University of Peradeniya,15 years,"$91,386.94",Clerk
Olivia Nelson,1988-04-28,olivia.nelson@gmail.com,50,Bachelor's Degree,Female,Kandy,Station 2,Software Engineer,University of Jaffna,1 years,"$109,492.92",Clerk
Benjamin Torres,1953-12-09,benjamin.torres@outlook.com,56,High School Diploma,Female,Jaffna,Station 41,Doctor,University of Jaffna,8 years,"$44,984.44",Clerk
Leo Hernandez,1967-10-12,leo.hernandez@outlook.com,55,Master's Degree,Other,Trincomalee,Station 11,Software Engineer,University of Moratuwa,13 years,"$100,855.86",Senior Polling Officer
Victoria Sanchez,1963-09-20,victoria.sanchez@outlook.com,31,Ph.D.,Male,Galle,Station 36,Marketing Manager,University of Moratuwa,6 years,"$118,320.53",Senior Polling Officer
Ryan Sanchez,1970-05-13,ryan.sanchez@gmail.com,38,Bachelor's Degree,Female,Colombo,Station 44,Teacher,University of Moratuwa,12 years,"$29,461.24",Junior Polling Officer
Abigail Martin,1994-10-20,abigail.martin@example.com,29,Master's Degree,Female,Jaffna,Station 31,Software Engineer,University of Moratuwa,0 years,"$74,572.55",Clerk
Aiden Baker,1998-05-01,aiden.baker@outlook.com,53,Master's Degree,Other,Kandy,Station 40,Accountant,University of Moratuwa,17 years,"$87,229.83",Senior Polling Officer
Lucas Robinson,1974-10-13,lucas.robinson@example.com,60,High School Diploma,Other,Galle,Station 14,Teacher,University of Moratuwa,4 years,"$51,606.98",Clerk
Henry Martinez,1987-01-20,henry.martinez@yahoo.com,44,High School Diploma,Male,Trincomalee,Station 29,Software Engineer,University of Moratuwa,4 years,"$31,758.83",Clerk
Benjamin White,1975-02-13,benjamin.white@outlook.com,30,Ph.D.,Female,Kandy,Station 32,Teacher,University of Jaffna,20 years,"$27,221.81",Senior Polling Officer
Mia Moore,1984-09-06,mia.moore@yahoo.com,62,Bachelor's Degree,Female,Negombo,Station 36,Doctor,University of Moratuwa,9 years,"$117,620.25",Junior Polling Officer
Olivia Brown,1999-12-02,olivia.brown@gmail.com,38,High School Diploma,Other,Anuradhapura,Station 43,Software Engineer,University of Moratuwa,13 years,"$61,305.39",Clerk
Aiden Torres,1968-08-27,aiden.torres@yahoo.com,26,Master's Degree,Female,Anuradhapura,Station 3,Accountant,University of Colombo,5 years,"$118,015.64",Senior Polling Officer
Jackson Miller,1961-08-10,jackson.miller@yahoo.com,48,Master's Degree,Female,Jaffna,Station 22,Software Engineer,University of Colombo,19 years,"$49,341.3",Senior Polling Officer
Scarlett Moore,1976-09-13,scarlett.moore@outlook.com,41,High School Diploma,Female,Trincomalee,Station 47,Accountant,University of Colombo,5 years,"$33,607.01",Clerk
Emma Davis,1959-09-04,emma.davis@yahoo.com,43,Ph.D.,Female,Galle,Station 29,Software Engineer,University of Jaffna,13 years,"$62,015.36",Senior Polling Officer
Samantha Miller,1966-06-22,samantha.miller@outlook.com,54,Master's Degree,Female,Galle,Station 21,Marketing Manager,University of Jaffna,16 years,"$113,809.8",Senior Polling Officer
Michael Flores,1968-04-17,michael.flores@example.com,64,High School Diploma,Male,Galle,Station 9,Teacher,University of Peradeniya,14 years,"$82,743.61",Clerk
Emma Garcia,1997-01-13,emma.garcia@example.com,56,Ph.D.,Male,Galle,Station 45,Teacher,University of Jaffna,17 years,"$54,140.86",Senior Polling Officer
Amelia Wilson,1995-07-03,amelia.wilson@yahoo.com,29,Bachelor's Degree,Female,Colombo,Station 23,Accountant,University of Jaffna,15 years,"$43,134.11",Junior Polling Officer
Jackson Walker,1964-07-01,jackson.walker@example.com,57,Ph.D.,Male,Negombo,Station 12,Accountant,University of Moratuwa,11 years,"$115,921.72",Senior Polling Officer
Abigail Hall,1987-01-09,abigail.hall@example.com,30,Bachelor's Degree,Other,Anuradhapura,Station 16,Accountant,University of Peradeniya,13 years,"$85,191.87",Junior Polling Officer
Olivia Anderson,1978-07-11,olivia.anderson@outlook.com,23,High School Diploma,Male,Jaffna,Station 29,Software Engineer,University of Moratuwa,8 years,"$59,629.79",Clerk
Benjamin Flores,1984-01-03,benjamin.flores@yahoo.com,31,High School Diploma,Female,Negombo,Station 27,Marketing Manager,University of Peradeniya,13 years,"$98,232.26",Clerk
Daniel Wright,1970-03-05,daniel.wright@gmail.com,50,Master's Degree,Other,Jaffna,Station 10,Software Engineer,University of Jaffna,9 years,"$90,244.98",Senior Polling Officer
Chloe Thompson,1951-05-27,chloe.thompson@outlook.com,55,Bachelor's Degree,Female,Trincomalee,Station 39,Doctor,University of Jaffna,8 years,"$91,136.48",Junior Polling Officer
Lucas Harris,1978-02-28,lucas.harris@outlook.com,59,High School Diploma,Other,Kandy,Station 20,Doctor,University of Peradeniya,19 years,"$38,219.8",Clerk
Oliver Gonzalez,1959-02-12,oliver.gonzalez@yahoo.com,28,Bachelor's Degree,Female,Anuradhapura,Station 38,Teacher,University of Moratuwa,11 years,"$51,791.57",Junior Polling Officer
Sofia Wright,1983-07-11,sofia.wright@gmail.com,22,Master's Degree,Female,Colombo,Station 23,Accountant,University of Moratuwa,3 years,"$93,146.52",Senior Polling Officer
Ryan Young,2003-09-03,ryan.young@yahoo.com,31,Ph.D.,Female,Negombo,Station 45,Teacher,University of Peradeniya,8 years,"$100,163.98",Senior Polling Officer
William White,2003-12-21,william.white@yahoo.com,53,Master's Degree,Male,Kandy,Station 46,Doctor,University of Jaffna,18 years,"$83,929.04",Senior Polling Officer
Elijah Hall,1985-12-28,elijah.hall@outlook.com,38,Ph.D.,Male,Anuradhapura,Station 12,Teacher,University of Peradeniya,18 years,"$84,300.67",Senior Polling Officer
Mason Thompson,1996-06-26,mason.thompson@example.com,52,Bachelor's Degree,Female,Jaffna,Station 47,Marketing Manager,University of Moratuwa,20 years,"$67,150.75",Junior Polling Officer
Carter Hernandez,1984-07-03,carter.hernandez@example.com,46,Master's Degree,Male,Anuradhapura,Station 33,Software Engineer,University of Jaffna,1 years,"$56,953.87",Clerk
James Sanchez,1961-02-19,james.sanchez@example.com,39,Bachelor's Degree,Male,Colombo,Station 20,Software Engineer,University of Jaffna,15 years,"$66,388.37",Junior Polling Officer
Mason Jackson,1991-12-28,mason.jackson@yahoo.com,27,Master's Degree,Other,Jaffna,Station 24,Doctor,University of Moratuwa,4 years,"$70,176.83",Senior Polling Officer
Zoe Lopez,1979-09-25,zoe.lopez@gmail.com,31,Ph.D.,Female,Anuradhapura,Station 36,Marketing Manager,University of Jaffna,3 years,"$112,932.55",Clerk
Liam Walker,1990-09-16,liam.walker@yahoo.com,42,Bachelor's Degree,Female,Negombo,Station 44,Teacher,University of Moratuwa,8 years,"$29,585.11",Junior Polling Officer
Amelia Johnson,1985-07-21,amelia.johnson@outlook.com,30,Bachelor's Degree,Other,Colombo,Station 27,Software Engineer,University of Peradeniya,7 years,"$52,649.48",Junior Polling Officer
Ethan Rodriguez,1997-04-23,ethan.rodriguez@yahoo.com,65,Bachelor's Degree,Female,Galle,Station 28,Marketing Manager,University of Jaffna,4 years,"$34,790.96",Junior Polling Officer
Abigail Harris,2001-02-16,abigail.harris@gmail.com,58,Master's Degree,Male,Anuradhapura,Station 41,Accountant,University of Colombo,9 years,"$25,858.45",Senior Polling Officer
Ryan Martinez,1998-11-21,ryan.martinez@gmail.com,29,Ph.D.,Other,Negombo,Station 20,Doctor,University of Moratuwa,10 years,"$31,963.91",Senior Polling Officer
Jackson Flores,2003-11-09,jackson.flores@gmail.com,64,Master's Degree,Female,Anuradhapura,Station 27,Marketing Manager,University of Moratuwa,17 years,"$106,557.55",Senior Polling Officer
Isabella Gonzalez,1959-05-14,isabella.gonzalez@outlook.com,45,Bachelor's Degree,Male,Colombo,Station 26,Marketing Manager,University of Moratuwa,2 years,"$118,047.44",Junior Polling Officer
Elijah Lee,1974-04-25,elijah.lee@outlook.com,36,Bachelor's Degree,Male,Jaffna,Station 9,Software Engineer,University of Moratuwa,0 years,"$90,762.26",Clerk
Liam Rivera,1961-05-19,liam.rivera@example.com,23,Bachelor's Degree,Female,Anuradhapura,Station 24,Teacher,University of Jaffna,5 years,"$73,039.16",Junior Polling Officer
Abigail Robinson,1992-12-23,abigail.robinson@outlook.com,23,Bachelor's Degree,Female,Galle,Station 47,Teacher,University of Jaffna,6 years,"$76,719.9",Junior Polling Officer
Logan King,1955-10-09,logan.king@example.com,50,Master's Degree,Male,Jaffna,Station 39,Marketing Manager,University of Peradeniya,2 years,"$43,484.1",Clerk
Carter Davis,1958-06-22,carter.davis@example.com,60,Bachelor's Degree,Male,Anuradhapura,Station 2,Teacher,University of Colombo,8 years,"$48,727.09",Junior Polling Officer
Sophia Hall,1983-01-16,sophia.hall@outlook.com,59,High School Diploma,Male,Anuradhapura,Station 40,Marketing Manager,University of Colombo,6 years,"$95,297.33",Clerk
Samantha Adams,1995-06-22,samantha.adams@outlook.com,26,Master's Degree,Other,Galle,Station 38,Software Engineer,University of Colombo,3 years,"$33,041.62",Senior Polling Officer
Elijah Ramirez,1984-08-02,elijah.ramirez@yahoo.com,44,Master's Degree,Female,Galle,Station 43,Teacher,University of Peradeniya,14 years,"$99,667.45",Senior Polling Officer
Chloe Martin,1980-02-02,chloe.martin@gmail.com,53,High School Diploma,Male,Trincomalee,Station 17,Accountant,University of Moratuwa,3 years,"$68,787.42",Clerk
Alexander Gonzalez,1971-10-21,alexander.gonzalez@yahoo.com,58,Master's Degree,Female,Colombo,Station 47,Accountant,University of Moratuwa,10 years,"$94,817.16",Senior Polling Officer
Mason Rodriguez,1951-01-15,mason.rodriguez@gmail.com,28,Bachelor's Degree,Female,Trincomalee,Station 22,Doctor,University of Jaffna,7 years,"$69,993.43",Junior Polling Officer
Samantha Lee,1976-10-19,samantha.lee@example.com,30,Master's Degree,Female,Trincomalee,Station 49,Marketing Manager,University of Colombo,6 years,"$29,300.5",Senior Polling Officer
Harper Hall,1981-07-19,harper.hall@gmail.com,37,High School Diploma,Male,Jaffna,Station 22,Marketing Manager,University of Colombo,2 years,"$52,545.77",Clerk
Henry Allen,1980-06-09,henry.allen@example.com,55,High School Diploma,Other,Anuradhapura,Station 12,Teacher,University of Peradeniya,16 years,"$69,726.48",Clerk
John Thomas,1962-07-26,john.thomas@gmail.com,22,Ph.D.,Male,Anuradhapura,Station 32,Doctor,University of Peradeniya,16 years,"$94,195.38",Senior Polling Officer
Ryan Thomas,1961-11-02,ryan.thomas@outlook.com,25,Bachelor's Degree,Other,Kandy,Station 47,Teacher,University of Peradeniya,18 years,"$100,194.82",Junior Polling Officer
Victoria Harris,1961-05-23,victoria.harris@yahoo.com,27,Ph.D.,Female,Negombo,Station 18,Teacher,University of Moratuwa,4 years,"$67,671.17",Clerk
